allegation_id,officer_id,rank,salary,date,beat
107865,95,Sergeant,97212,2016-01-09T00:00:00.000+0000,260
99554,95,Sergeant,97212,2013-11-19T00:00:00.000+0000,260
66056,95,Sergeant,97212,2008-01-20T00:00:00.000+0000,null
63226,95,Sergeant,97212,2007-09-02T00:00:00.000+0000,225
59424,95,Sergeant,97212,2007-02-25T00:00:00.000+0000,245
52574,95,Sergeant,97212,2006-01-29T00:00:00.000+0000,253
44147,95,Sergeant,97212,2005-01-30T00:00:00.000+0000,261
41299,95,Sergeant,97212,2004-09-08T00:00:00.000+0000,253
34773,95,Sergeant,97212,2003-11-18T00:00:00.000+0000,246
13092,95,Sergeant,97212,2001-06-16T00:00:00.000+0000,237
10672,95,Sergeant,97212,2001-03-20T00:00:00.000+0000,253
3225,95,Sergeant,97212,2000-05-03T00:00:00.000+0000,140
145079,29652,Police Officer,82788,1995-06-09T00:00:00.000+0000,null
108407,1,Sergeant,101442,2016-03-12T00:00:00.000+0000,187
97832,1,Sergeant,101442,2013-06-29T00:00:00.000+0000,59
94547,1,Sergeant,101442,2012-10-07T00:00:00.000+0000,82
79950,1,Sergeant,101442,2010-01-20T00:00:00.000+0000,64
66771,1,Sergeant,101442,2007-04-25T00:00:00.000+0000,186
51273,1,Sergeant,101442,2005-07-19T00:00:00.000+0000,203
89608,2,Sergeant,111474,2011-10-26T00:00:00.000+0000,94
89562,2,Sergeant,111474,2011-10-27T00:00:00.000+0000,68
88281,2,Sergeant,111474,2011-06-24T00:00:00.000+0000,135
84845,2,Sergeant,111474,2010-10-26T00:00:00.000+0000,69
82629,2,Sergeant,111474,2010-07-06T00:00:00.000+0000,94
79436,2,Sergeant,111474,2009-12-12T00:00:00.000+0000,78
77686,2,Sergeant,111474,2009-08-20T00:00:00.000+0000,68
61109,2,Sergeant,111474,2007-05-24T00:00:00.000+0000,69
7758,4,Sergeant,98184,2000-08-16T00:00:00.000+0000,181
180089,4,Sergeant,98184,2000-08-16T00:00:00.000+0000,null
170998,4,Sergeant,98184,1999-04-19T00:00:00.000+0000,null
148244,4,Sergeant,98184,1995-11-16T00:00:00.000+0000,null
145843,4,Sergeant,98184,1995-07-12T00:00:00.000+0000,null
138983,4,Sergeant,98184,1994-07-30T00:00:00.000+0000,null
124011,4,Sergeant,98184,1992-02-11T00:00:00.000+0000,null
128745,5,Police Officer,61518,1992-11-02T00:00:00.000+0000,null
127849,5,Police Officer,61518,1992-10-19T00:00:00.000+0000,null
122188,5,Police Officer,61518,1991-10-12T00:00:00.000+0000,null
120334,5,Police Officer,61518,1991-06-04T00:00:00.000+0000,null
59906,6,Police Officer,87048,2007-03-23T00:00:00.000+0000,42
59337,6,Police Officer,87048,2007-02-19T00:00:00.000+0000,168
42851,6,Police Officer,87048,2004-11-21T00:00:00.000+0000,132
17185,6,Police Officer,87048,2001-11-23T00:00:00.000+0000,77
174529,6,Police Officer,87048,1999-11-19T00:00:00.000+0000,null
159141,6,Police Officer,87048,1997-05-21T00:00:00.000+0000,null
85287,7,Sergeant,99444,2010-12-30T00:00:00.000+0000,49
59994,7,Sergeant,99444,2007-03-18T00:00:00.000+0000,72
40326,7,Sergeant,99444,2004-06-30T00:00:00.000+0000,62
38385,7,Sergeant,99444,2004-05-01T00:00:00.000+0000,63
169266,7,Sergeant,99444,1998-12-23T00:00:00.000+0000,null
168698,7,Sergeant,99444,1998-11-13T00:00:00.000+0000,null
167335,7,Sergeant,99444,1998-08-25T00:00:00.000+0000,null
51674,8,Sergeant,70488,2006-01-06T00:00:00.000+0000,200
11451,8,Sergeant,70488,2001-04-20T00:00:00.000+0000,64
115025,9,Detective,90540,1990-03-26T00:00:00.000+0000,null
113594,9,Detective,90540,1989-10-06T00:00:00.000+0000,null
113489,9,Detective,90540,1989-10-02T00:00:00.000+0000,null
165515,11,Sergeant,99756,1998-05-17T00:00:00.000+0000,null
153352,11,Sergeant,99756,1996-08-03T00:00:00.000+0000,null
131040,11,Sergeant,99756,1993-04-14T00:00:00.000+0000,null
129360,11,Sergeant,99756,1993-01-07T00:00:00.000+0000,null
126988,11,Sergeant,99756,1992-08-13T00:00:00.000+0000,null
125983,11,Sergeant,99756,1992-06-14T00:00:00.000+0000,null
120285,11,Sergeant,99756,1991-07-16T00:00:00.000+0000,null
155657,12,Detective,63456,1996-11-23T00:00:00.000+0000,null
138753,12,Detective,63456,1994-07-02T00:00:00.000+0000,null
131293,12,Detective,63456,1993-04-29T00:00:00.000+0000,null
117739,12,Detective,63456,1990-10-09T00:00:00.000+0000,null
112593,12,Detective,63456,1988-06-29T00:00:00.000+0000,null
112549,12,Detective,63456,1988-05-23T00:00:00.000+0000,null
111854,12,Detective,63456,1985-09-11T00:00:00.000+0000,null
84376,13,Sergeant,104628,2010-10-11T00:00:00.000+0000,53
7525,13,Sergeant,104628,2000-10-24T00:00:00.000+0000,27
179955,13,Sergeant,104628,2000-10-24T00:00:00.000+0000,null
167627,13,Sergeant,104628,1998-09-09T00:00:00.000+0000,null
148407,13,Sergeant,104628,1995-11-26T00:00:00.000+0000,null
140888,13,Sergeant,104628,1994-10-14T00:00:00.000+0000,null
134691,13,Sergeant,104628,1993-10-19T00:00:00.000+0000,null
126535,13,Sergeant,104628,1992-07-13T00:00:00.000+0000,null
122084,13,Sergeant,104628,1991-10-07T00:00:00.000+0000,null
117131,13,Sergeant,104628,1991-01-19T00:00:00.000+0000,null
70445,14,Sergeant,97212,2007-02-21T00:00:00.000+0000,51
171946,14,Sergeant,97212,1999-06-15T00:00:00.000+0000,null
144591,14,Sergeant,97212,1994-09-14T00:00:00.000+0000,null
116213,14,Sergeant,97212,1990-11-28T00:00:00.000+0000,null
102689,15,Sergeant,82152,2014-07-13T00:00:00.000+0000,225
94296,16,Detective,90540,2012-09-19T00:00:00.000+0000,null
93242,16,Detective,90540,2012-07-08T00:00:00.000+0000,247
92611,16,Detective,90540,2012-05-22T00:00:00.000+0000,271
89458,16,Detective,90540,2011-10-19T00:00:00.000+0000,226
86885,16,Detective,90540,2011-04-10T00:00:00.000+0000,228
86461,16,Detective,90540,2011-03-27T00:00:00.000+0000,224
85141,16,Detective,90540,2010-12-15T00:00:00.000+0000,227
85049,16,Detective,90540,2010-12-08T00:00:00.000+0000,247
84468,16,Detective,90540,2010-10-13T00:00:00.000+0000,240
83029,16,Detective,90540,2010-07-31T00:00:00.000+0000,230
82628,16,Detective,90540,2010-07-07T00:00:00.000+0000,238
81820,16,Detective,90540,2010-05-20T00:00:00.000+0000,228
81210,16,Detective,90540,2010-04-11T00:00:00.000+0000,233
80573,16,Detective,90540,2010-02-25T00:00:00.000+0000,204
79403,16,Detective,90540,2009-12-09T00:00:00.000+0000,238
79068,16,Detective,90540,2009-11-15T00:00:00.000+0000,229
74869,16,Detective,90540,2009-03-28T00:00:00.000+0000,238
74638,16,Detective,90540,2009-03-12T00:00:00.000+0000,234
71808,16,Detective,90540,2008-11-05T00:00:00.000+0000,228
78378,17,Police Officer,70296,2009-10-07T00:00:00.000+0000,160
46247,17,Police Officer,70296,2005-05-10T00:00:00.000+0000,null
45941,17,Police Officer,70296,2005-04-28T00:00:00.000+0000,null
44697,17,Police Officer,70296,2005-03-01T00:00:00.000+0000,null
37258,17,Police Officer,70296,2004-03-12T00:00:00.000+0000,null
37001,17,Police Officer,70296,2004-03-01T00:00:00.000+0000,null
35065,17,Police Officer,70296,2003-11-26T00:00:00.000+0000,52
35027,17,Police Officer,70296,2003-12-02T00:00:00.000+0000,null
32766,17,Police Officer,70296,2003-08-21T00:00:00.000+0000,null
30125,17,Police Officer,70296,2003-04-03T00:00:00.000+0000,null
24344,17,Police Officer,70296,2002-08-28T00:00:00.000+0000,null
24102,17,Police Officer,70296,2002-08-20T00:00:00.000+0000,null
21987,17,Police Officer,70296,2002-06-07T00:00:00.000+0000,null
20724,17,Police Officer,70296,2002-04-04T00:00:00.000+0000,null
19259,17,Police Officer,70296,2002-02-24T00:00:00.000+0000,null
19225,17,Police Officer,70296,2002-02-20T00:00:00.000+0000,null
17528,17,Police Officer,70296,2001-12-06T00:00:00.000+0000,null
16363,17,Police Officer,70296,2001-10-20T00:00:00.000+0000,null
15986,17,Police Officer,70296,2001-10-04T00:00:00.000+0000,null
15244,17,Police Officer,70296,2001-09-07T00:00:00.000+0000,null
13985,17,Police Officer,70296,2001-07-19T00:00:00.000+0000,null
12770,17,Police Officer,70296,2001-06-08T00:00:00.000+0000,null
10772,17,Police Officer,70296,2001-03-23T00:00:00.000+0000,null
7187,17,Police Officer,70296,2000-10-14T00:00:00.000+0000,null
3396,17,Police Officer,70296,2000-05-23T00:00:00.000+0000,null
41580,18,Detective,74946,2004-08-17T00:00:00.000+0000,42
40755,18,Detective,74946,2004-08-15T00:00:00.000+0000,40
32173,18,Detective,74946,2003-07-31T00:00:00.000+0000,58
31322,18,Detective,74946,2003-06-28T00:00:00.000+0000,41
22415,18,Detective,74946,2002-06-22T00:00:00.000+0000,46
31292,20,Sergeant,70488,2003-06-25T00:00:00.000+0000,204
117103,20,Sergeant,70488,1991-01-19T00:00:00.000+0000,null
116247,20,Sergeant,70488,1990-12-01T00:00:00.000+0000,null
151928,21,Police Officer,74178,1996-05-28T00:00:00.000+0000,null
149886,21,Police Officer,74178,1996-02-12T00:00:00.000+0000,null
148171,21,Police Officer,74178,1995-11-12T00:00:00.000+0000,null
144569,21,Police Officer,74178,1995-05-15T00:00:00.000+0000,null
135039,21,Police Officer,74178,1993-12-06T00:00:00.000+0000,null
132907,21,Police Officer,74178,1993-07-22T00:00:00.000+0000,null
132723,21,Police Officer,74178,1993-07-14T00:00:00.000+0000,null
131552,21,Police Officer,74178,1993-05-12T00:00:00.000+0000,null
130179,21,Police Officer,74178,1992-07-06T00:00:00.000+0000,null
128998,21,Police Officer,74178,1992-12-20T00:00:00.000+0000,null
127677,21,Police Officer,74178,1992-10-10T00:00:00.000+0000,null
126928,21,Police Officer,74178,1992-08-23T00:00:00.000+0000,null
125783,21,Police Officer,74178,1992-05-28T00:00:00.000+0000,null
125380,21,Police Officer,74178,1992-05-09T00:00:00.000+0000,null
124952,21,Police Officer,74178,1992-04-12T00:00:00.000+0000,null
115793,21,Police Officer,74178,1990-10-24T00:00:00.000+0000,null
103784,25,Police Officer,65868,2014-11-25T00:00:00.000+0000,34
144922,27,Police Officer,70296,1995-05-01T00:00:00.000+0000,null
124573,27,Police Officer,70296,1992-01-07T00:00:00.000+0000,null
117855,27,Police Officer,70296,1991-03-06T00:00:00.000+0000,null
113439,27,Police Officer,70296,1989-09-28T00:00:00.000+0000,null
97989,29,Field Training Officer,76764,2013-06-21T00:00:00.000+0000,46
41905,29,Field Training Officer,76764,2004-10-07T00:00:00.000+0000,46
38880,29,Field Training Officer,76764,2004-05-21T00:00:00.000+0000,44
165083,29,Field Training Officer,76764,1997-11-04T00:00:00.000+0000,null
146320,29,Field Training Officer,76764,1995-08-10T00:00:00.000+0000,null
135409,29,Field Training Officer,76764,1993-12-29T00:00:00.000+0000,null
155383,33,Deputy Chief,148356,1995-12-27T00:00:00.000+0000,null
146770,33,Deputy Chief,148356,1995-06-07T00:00:00.000+0000,null
144387,33,Deputy Chief,148356,1995-04-22T00:00:00.000+0000,null
129456,33,Deputy Chief,148356,1993-01-12T00:00:00.000+0000,null
128749,33,Deputy Chief,148356,1992-12-03T00:00:00.000+0000,null
126964,33,Deputy Chief,148356,1992-08-28T00:00:00.000+0000,null
123544,33,Deputy Chief,148356,1992-01-08T00:00:00.000+0000,null
123520,33,Deputy Chief,148356,1992-01-07T00:00:00.000+0000,null
119328,33,Deputy Chief,148356,1991-05-28T00:00:00.000+0000,null
118939,33,Deputy Chief,148356,1989-04-01T00:00:00.000+0000,null
114796,33,Deputy Chief,148356,1989-12-19T00:00:00.000+0000,null
111989,33,Deputy Chief,148356,1986-04-22T00:00:00.000+0000,null
111900,33,Deputy Chief,148356,1985-12-09T00:00:00.000+0000,null
93090,34,First Deputy Superintendent,188316,2012-06-27T00:00:00.000+0000,128
60116,34,First Deputy Superintendent,188316,2007-04-03T00:00:00.000+0000,135
51285,34,First Deputy Superintendent,188316,2004-10-09T00:00:00.000+0000,88
43519,34,First Deputy Superintendent,188316,2004-12-28T00:00:00.000+0000,265
41750,34,First Deputy Superintendent,188316,2004-09-29T00:00:00.000+0000,132
41294,34,First Deputy Superintendent,188316,2004-09-07T00:00:00.000+0000,65
37677,34,First Deputy Superintendent,188316,2004-02-27T00:00:00.000+0000,132
35535,34,First Deputy Superintendent,188316,2003-12-28T00:00:00.000+0000,137
26434,34,First Deputy Superintendent,188316,2002-11-16T00:00:00.000+0000,63
22615,34,First Deputy Superintendent,188316,2002-06-12T00:00:00.000+0000,153
6876,34,First Deputy Superintendent,188316,2000-09-30T00:00:00.000+0000,132
179571,34,First Deputy Superintendent,188316,2000-09-30T00:00:00.000+0000,null
173562,34,First Deputy Superintendent,188316,1999-09-19T00:00:00.000+0000,null
152599,35,Deputy Chief,170112,1996-06-16T00:00:00.000+0000,null
150756,35,Deputy Chief,170112,1996-03-15T00:00:00.000+0000,null
39981,38,Detective,72480,2004-07-10T00:00:00.000+0000,122
34847,38,Detective,72480,2003-11-20T00:00:00.000+0000,271
33318,38,Detective,72480,2003-09-19T00:00:00.000+0000,268
32731,38,Detective,72480,2003-08-20T00:00:00.000+0000,101
28094,38,Detective,72480,2003-01-16T00:00:00.000+0000,223
26863,38,Detective,72480,2002-12-06T00:00:00.000+0000,231
23801,38,Detective,72480,2002-08-09T00:00:00.000+0000,276
14001,38,Detective,72480,2001-07-22T00:00:00.000+0000,231
13027,38,Detective,72480,2001-06-20T00:00:00.000+0000,273
4049,38,Detective,72480,2000-06-18T00:00:00.000+0000,251
358,38,Detective,72480,2000-01-18T00:00:00.000+0000,242
177829,38,Detective,72480,2000-06-18T00:00:00.000+0000,null
175376,38,Detective,72480,2000-01-18T00:00:00.000+0000,null
101998,42,Detective,79134,2013-06-17T00:00:00.000+0000,34
100951,42,Detective,79134,2014-04-04T00:00:00.000+0000,36
96177,42,Detective,79134,2013-03-03T00:00:00.000+0000,36
94449,42,Detective,79134,2012-09-29T00:00:00.000+0000,36
85151,42,Detective,79134,2010-12-13T00:00:00.000+0000,38
72512,42,Detective,79134,2008-12-12T00:00:00.000+0000,36
68022,42,Detective,79134,2007-07-06T00:00:00.000+0000,34
35493,42,Detective,79134,2003-12-25T00:00:00.000+0000,34
35225,42,Detective,79134,2003-11-22T00:00:00.000+0000,37
32438,42,Detective,79134,2003-08-15T00:00:00.000+0000,34
28293,42,Detective,79134,2003-01-29T00:00:00.000+0000,32
20339,42,Detective,79134,2002-04-10T00:00:00.000+0000,136
132297,43,Field Training Officer,61566,1993-05-29T00:00:00.000+0000,null
81603,44,Detective,65646,2010-05-05T00:00:00.000+0000,270
67457,44,Detective,65646,2008-03-29T00:00:00.000+0000,157
64737,44,Detective,65646,2007-11-13T00:00:00.000+0000,160
53519,44,Detective,65646,2006-04-22T00:00:00.000+0000,null
18175,44,Detective,65646,2002-01-03T00:00:00.000+0000,61
15626,44,Detective,65646,2001-08-06T00:00:00.000+0000,null
1009,44,Detective,65646,2000-01-24T00:00:00.000+0000,184
175834,44,Detective,65646,2000-01-24T00:00:00.000+0000,null
174609,44,Detective,65646,1999-11-25T00:00:00.000+0000,null
174478,44,Detective,65646,1999-09-24T00:00:00.000+0000,null
172442,44,Detective,65646,1999-07-12T00:00:00.000+0000,null
169698,44,Detective,65646,1999-01-26T00:00:00.000+0000,null
168297,44,Detective,65646,1998-10-10T00:00:00.000+0000,null
167408,44,Detective,65646,1998-08-30T00:00:00.000+0000,null
166723,44,Detective,65646,1998-07-22T00:00:00.000+0000,null
165889,44,Detective,65646,1998-06-08T00:00:00.000+0000,null
162389,44,Detective,65646,1997-11-03T00:00:00.000+0000,null
162244,44,Detective,65646,1997-10-23T00:00:00.000+0000,null
160722,44,Detective,65646,1997-08-08T00:00:00.000+0000,null
155631,44,Detective,65646,1996-11-22T00:00:00.000+0000,null
153142,45,Sergeant,70488,1996-07-25T00:00:00.000+0000,null
151031,45,Sergeant,70488,1996-04-13T00:00:00.000+0000,null
110554,46,Detective,90456,2017-09-28T00:00:00.000+0000,161
85417,47,Police Officer,68166,2011-01-08T00:00:00.000+0000,158
69403,47,Police Officer,68166,2008-06-30T00:00:00.000+0000,154
48594,47,Police Officer,68166,2005-08-21T00:00:00.000+0000,158
47695,47,Police Officer,68166,2005-07-13T00:00:00.000+0000,158
38233,47,Police Officer,68166,2004-04-22T00:00:00.000+0000,152
17696,47,Police Officer,68166,2001-12-04T00:00:00.000+0000,63
20222,48,Sergeant,96648,2002-04-05T00:00:00.000+0000,57
20182,48,Sergeant,96648,2002-04-02T00:00:00.000+0000,57
19057,48,Sergeant,96648,2002-02-01T00:00:00.000+0000,57
162228,48,Sergeant,96648,1997-10-23T00:00:00.000+0000,null
132114,48,Sergeant,96648,1993-06-13T00:00:00.000+0000,null
124672,48,Sergeant,96648,1992-03-25T00:00:00.000+0000,null
121159,48,Sergeant,96648,1991-08-26T00:00:00.000+0000,null
121007,48,Sergeant,96648,1991-08-18T00:00:00.000+0000,null
71914,49,Police Officer,93588,2008-11-09T00:00:00.000+0000,10
97615,49,Police Officer,93588,2012-01-01T00:00:00.000+0000,9
92461,49,Police Officer,93588,2012-05-11T00:00:00.000+0000,19
79993,49,Police Officer,93588,2010-01-12T00:00:00.000+0000,64
78392,49,Police Officer,93588,2009-10-09T00:00:00.000+0000,8
74389,49,Police Officer,93588,2009-03-02T00:00:00.000+0000,1
59734,49,Police Officer,93588,2007-03-14T00:00:00.000+0000,39
57048,50,Detective,74946,2006-08-18T00:00:00.000+0000,160
56480,50,Detective,74946,2006-09-10T00:00:00.000+0000,null
86259,52,Detective,65646,2011-03-17T00:00:00.000+0000,77
78959,52,Detective,65646,2009-11-10T00:00:00.000+0000,146
60179,52,Detective,65646,2007-02-09T00:00:00.000+0000,187
59655,52,Detective,65646,2007-03-11T00:00:00.000+0000,187
58836,52,Detective,65646,2007-01-21T00:00:00.000+0000,218
57508,52,Detective,65646,2006-11-07T00:00:00.000+0000,104
57063,52,Detective,65646,2006-10-12T00:00:00.000+0000,234
49175,52,Detective,65646,2005-09-16T00:00:00.000+0000,186
43895,52,Detective,65646,2005-01-16T00:00:00.000+0000,78
38520,52,Detective,65646,2004-04-15T00:00:00.000+0000,132
29931,52,Detective,65646,2003-04-24T00:00:00.000+0000,155
28056,52,Detective,65646,2003-01-07T00:00:00.000+0000,8
28028,52,Detective,65646,2003-01-13T00:00:00.000+0000,1
175027,52,Detective,65646,1999-12-25T00:00:00.000+0000,null
173227,52,Detective,65646,1999-08-27T00:00:00.000+0000,null
106270,54,Police Officer,72726,2015-08-01T00:00:00.000+0000,165
100228,54,Police Officer,72726,2014-01-03T00:00:00.000+0000,187
79552,54,Police Officer,72726,2009-12-19T00:00:00.000+0000,165
70112,54,Police Officer,72726,2008-08-12T00:00:00.000+0000,6
15310,54,Police Officer,72726,2001-08-19T00:00:00.000+0000,6
10474,54,Police Officer,72726,2001-03-11T00:00:00.000+0000,null
181247,54,Police Officer,72726,2001-03-11T00:00:00.000+0000,null
179883,54,Police Officer,72726,1999-06-30T00:00:00.000+0000,null
167389,54,Police Officer,72726,1998-08-28T00:00:00.000+0000,null
165744,54,Police Officer,72726,1998-05-31T00:00:00.000+0000,null
161812,54,Police Officer,72726,1997-10-02T00:00:00.000+0000,null
160639,54,Police Officer,72726,1997-08-04T00:00:00.000+0000,null
107941,56,Sergeant,96648,2013-10-01T00:00:00.000+0000,134
101157,56,Sergeant,96648,2014-04-22T00:00:00.000+0000,65
99752,56,Sergeant,96648,2013-04-10T00:00:00.000+0000,137
99147,56,Sergeant,96648,2013-05-03T00:00:00.000+0000,132
93348,56,Sergeant,96648,2012-07-15T00:00:00.000+0000,77
92862,56,Sergeant,96648,2012-02-22T00:00:00.000+0000,132
92802,56,Sergeant,96648,2012-06-08T00:00:00.000+0000,137
91814,56,Sergeant,96648,2012-03-28T00:00:00.000+0000,127
17987,58,Detective,67884,2001-12-29T00:00:00.000+0000,142
16967,58,Detective,67884,2001-11-11T00:00:00.000+0000,268
591,58,Detective,67884,2000-01-28T00:00:00.000+0000,152
259,58,Detective,67884,2000-01-13T00:00:00.000+0000,152
175541,58,Detective,67884,2000-01-28T00:00:00.000+0000,null
175307,58,Detective,67884,2000-01-13T00:00:00.000+0000,null
170633,58,Detective,67884,1999-03-29T00:00:00.000+0000,null
170453,58,Detective,67884,1999-03-17T00:00:00.000+0000,null
170452,58,Detective,67884,1999-03-16T00:00:00.000+0000,null
169752,58,Detective,67884,1999-01-29T00:00:00.000+0000,null
168781,58,Detective,67884,1998-07-15T00:00:00.000+0000,null
165325,58,Detective,67884,1998-05-05T00:00:00.000+0000,null
165236,58,Detective,67884,1998-05-01T00:00:00.000+0000,null
163845,58,Detective,67884,1998-02-05T00:00:00.000+0000,null
162834,58,Detective,67884,1997-12-02T00:00:00.000+0000,null
162306,58,Detective,67884,1997-10-27T00:00:00.000+0000,null
160068,58,Detective,67884,1997-07-07T00:00:00.000+0000,null
158006,58,Detective,67884,1997-03-20T00:00:00.000+0000,null
157989,58,Detective,67884,1997-03-20T00:00:00.000+0000,null
157457,58,Detective,67884,1997-02-23T00:00:00.000+0000,null
157339,58,Detective,67884,1997-02-13T00:00:00.000+0000,null
152974,58,Detective,67884,1996-07-15T00:00:00.000+0000,null
147510,58,Detective,67884,1995-10-09T00:00:00.000+0000,null
144425,58,Detective,67884,1995-05-07T00:00:00.000+0000,null
139334,58,Detective,67884,1994-07-31T00:00:00.000+0000,null
134840,58,Detective,67884,1993-10-26T00:00:00.000+0000,null
131250,58,Detective,67884,1993-04-26T00:00:00.000+0000,null
130365,58,Detective,67884,1993-03-05T00:00:00.000+0000,null
125136,58,Detective,67884,1992-04-23T00:00:00.000+0000,null
123867,58,Detective,67884,1992-02-03T00:00:00.000+0000,null
121904,58,Detective,67884,1991-09-29T00:00:00.000+0000,null
119378,58,Detective,67884,1991-05-31T00:00:00.000+0000,null
118844,58,Detective,67884,1991-05-02T00:00:00.000+0000,null
117995,58,Detective,67884,1991-03-15T00:00:00.000+0000,null
117697,58,Detective,67884,1991-02-25T00:00:00.000+0000,null
114326,58,Detective,67884,1989-11-14T00:00:00.000+0000,null
57931,59,Detective,74946,2006-11-30T00:00:00.000+0000,129
57656,59,Detective,74946,2006-11-15T00:00:00.000+0000,2
57422,59,Detective,74946,2006-10-06T00:00:00.000+0000,null
19008,59,Detective,74946,2002-02-09T00:00:00.000+0000,152
17421,59,Detective,74946,2001-12-03T00:00:00.000+0000,null
14848,59,Detective,74946,2001-08-23T00:00:00.000+0000,138
999,59,Detective,74946,2000-02-04T00:00:00.000+0000,152
526,59,Detective,74946,2000-01-26T00:00:00.000+0000,null
175824,59,Detective,74946,2000-02-04T00:00:00.000+0000,null
175489,59,Detective,74946,2000-01-26T00:00:00.000+0000,null
163652,59,Detective,74946,1998-01-01T00:00:00.000+0000,null
157339,59,Detective,74946,1997-02-13T00:00:00.000+0000,null
155956,59,Detective,74946,1996-06-21T00:00:00.000+0000,null
149801,59,Detective,74946,1996-02-07T00:00:00.000+0000,null
108092,60,Detective,74946,2016-01-31T00:00:00.000+0000,133
106529,60,Detective,74946,2015-09-02T00:00:00.000+0000,144
95774,60,Detective,74946,2012-03-08T00:00:00.000+0000,145
95313,60,Detective,74946,2012-11-28T00:00:00.000+0000,143
93325,60,Detective,74946,2012-07-13T00:00:00.000+0000,147
92838,60,Detective,74946,2012-06-10T00:00:00.000+0000,151
87234,60,Detective,74946,2011-04-16T00:00:00.000+0000,147
86437,60,Detective,74946,2011-03-27T00:00:00.000+0000,154
83765,60,Detective,74946,2010-09-09T00:00:00.000+0000,151
79570,60,Detective,74946,2009-11-28T00:00:00.000+0000,145
68391,60,Detective,74946,2008-05-16T00:00:00.000+0000,151
65070,60,Detective,74946,2007-11-25T00:00:00.000+0000,144
64124,60,Detective,74946,2007-10-13T00:00:00.000+0000,146
62965,60,Detective,74946,2007-07-27T00:00:00.000+0000,159
59922,60,Detective,74946,2007-03-25T00:00:00.000+0000,144
57763,60,Detective,74946,2006-08-29T00:00:00.000+0000,147
50799,60,Detective,74946,2005-12-12T00:00:00.000+0000,147
48594,60,Detective,74946,2005-08-21T00:00:00.000+0000,158
47702,60,Detective,74946,2005-07-14T00:00:00.000+0000,147
44564,60,Detective,74946,2005-02-22T00:00:00.000+0000,84
40165,60,Detective,74946,2004-07-18T00:00:00.000+0000,151
36850,60,Detective,74946,2004-02-23T00:00:00.000+0000,145
35465,60,Detective,74946,2003-12-22T00:00:00.000+0000,203
31615,60,Detective,74946,2003-07-10T00:00:00.000+0000,155
81447,61,Sergeant,99444,2010-04-26T00:00:00.000+0000,146
51394,61,Sergeant,99444,2005-05-17T00:00:00.000+0000,159
29482,61,Sergeant,99444,2003-04-02T00:00:00.000+0000,158
20508,61,Sergeant,99444,2002-04-16T00:00:00.000+0000,153
11751,61,Sergeant,99444,2001-05-01T00:00:00.000+0000,152
8251,61,Sergeant,99444,2000-10-01T00:00:00.000+0000,151
871,61,Sergeant,99444,2000-02-12T00:00:00.000+0000,152
175737,61,Sergeant,99444,2000-02-12T00:00:00.000+0000,null
87508,62,Police Officer,71700,2011-06-10T00:00:00.000+0000,216
87319,62,Police Officer,71700,2011-05-19T00:00:00.000+0000,228
86781,62,Police Officer,71700,2011-04-19T00:00:00.000+0000,235
96364,64,Field Training Officer,71700,2013-03-18T00:00:00.000+0000,2
63850,64,Field Training Officer,71700,2007-09-30T00:00:00.000+0000,219
61932,64,Field Training Officer,71700,2007-07-03T00:00:00.000+0000,202
54410,64,Field Training Officer,71700,2006-06-07T00:00:00.000+0000,228
47161,64,Field Training Officer,71700,2005-06-22T00:00:00.000+0000,132
105478,65,Field Training Officer,74628,2015-04-22T00:00:00.000+0000,39
93920,65,Field Training Officer,74628,2012-08-10T00:00:00.000+0000,48
90788,65,Field Training Officer,74628,2012-01-06T00:00:00.000+0000,9
90592,65,Field Training Officer,74628,2011-05-07T00:00:00.000+0000,46
85761,65,Field Training Officer,74628,2011-02-07T00:00:00.000+0000,8
69093,65,Field Training Officer,74628,2008-02-21T00:00:00.000+0000,null
68069,65,Field Training Officer,74628,2008-05-01T00:00:00.000+0000,null
67565,65,Field Training Officer,74628,2008-04-05T00:00:00.000+0000,null
64789,65,Field Training Officer,74628,2007-03-12T00:00:00.000+0000,null
59680,65,Field Training Officer,74628,2007-03-12T00:00:00.000+0000,null
58756,65,Field Training Officer,74628,2007-01-13T00:00:00.000+0000,null
31834,65,Field Training Officer,74628,2003-07-19T00:00:00.000+0000,162
24554,65,Field Training Officer,74628,2002-09-05T00:00:00.000+0000,2
22988,65,Field Training Officer,74628,2002-07-12T00:00:00.000+0000,78
22523,65,Field Training Officer,74628,2002-06-23T00:00:00.000+0000,79
21111,65,Field Training Officer,74628,2002-05-08T00:00:00.000+0000,126
15827,65,Field Training Officer,74628,2001-09-28T00:00:00.000+0000,91
15563,65,Field Training Officer,74628,2001-09-18T00:00:00.000+0000,68
11851,65,Field Training Officer,74628,2001-05-05T00:00:00.000+0000,67
6404,65,Field Training Officer,74628,2000-07-16T00:00:00.000+0000,236
3785,65,Field Training Officer,74628,2000-06-11T00:00:00.000+0000,78
3434,65,Field Training Officer,74628,2000-05-01T00:00:00.000+0000,93
534,65,Field Training Officer,74628,2000-01-25T00:00:00.000+0000,67
517,65,Field Training Officer,74628,2000-01-25T00:00:00.000+0000,67
179292,65,Field Training Officer,74628,2000-07-16T00:00:00.000+0000,null
177668,65,Field Training Officer,74628,2000-06-11T00:00:00.000+0000,null
175497,65,Field Training Officer,74628,2000-01-25T00:00:00.000+0000,null
175485,65,Field Training Officer,74628,2000-01-25T00:00:00.000+0000,null
174760,65,Field Training Officer,74628,1999-12-06T00:00:00.000+0000,null
169165,65,Field Training Officer,74628,1998-12-17T00:00:00.000+0000,null
162493,65,Field Training Officer,74628,1997-11-09T00:00:00.000+0000,null
164341,66,Field Training Officer,90432,1998-03-05T00:00:00.000+0000,null
149609,66,Field Training Officer,90432,1996-01-29T00:00:00.000+0000,null
133050,66,Field Training Officer,90432,1993-07-29T00:00:00.000+0000,null
120634,66,Field Training Officer,90432,1991-07-31T00:00:00.000+0000,null
117833,66,Field Training Officer,90432,1991-02-07T00:00:00.000+0000,null
117690,66,Field Training Officer,90432,1991-02-25T00:00:00.000+0000,null
116832,66,Field Training Officer,90432,1991-01-04T00:00:00.000+0000,null
114884,66,Field Training Officer,90432,1989-12-26T00:00:00.000+0000,null
112486,66,Field Training Officer,90432,1988-03-26T00:00:00.000+0000,null
103307,67,Police Officer,72726,2014-10-09T00:00:00.000+0000,38
102437,67,Police Officer,72726,2014-08-03T00:00:00.000+0000,28
99985,67,Police Officer,72726,2014-01-04T00:00:00.000+0000,34
95304,67,Police Officer,72726,2012-12-09T00:00:00.000+0000,37
89337,67,Police Officer,72726,2011-10-11T00:00:00.000+0000,34
87830,67,Police Officer,72726,2011-07-04T00:00:00.000+0000,34
81371,67,Police Officer,72726,2010-04-22T00:00:00.000+0000,28
75276,67,Police Officer,72726,2009-04-18T00:00:00.000+0000,32
74082,67,Police Officer,72726,2009-02-16T00:00:00.000+0000,30
71230,67,Police Officer,72726,2008-10-05T00:00:00.000+0000,34
71220,67,Police Officer,72726,2008-10-06T00:00:00.000+0000,32
65380,67,Police Officer,72726,2007-03-15T00:00:00.000+0000,32
39182,67,Police Officer,72726,2004-06-03T00:00:00.000+0000,38
29181,67,Police Officer,72726,2003-03-17T00:00:00.000+0000,160
20917,67,Police Officer,72726,2002-03-31T00:00:00.000+0000,26
13115,67,Police Officer,72726,2001-05-14T00:00:00.000+0000,204
166798,67,Police Officer,72726,1998-07-26T00:00:00.000+0000,null
163105,67,Police Officer,72726,1997-12-08T00:00:00.000+0000,null
158932,67,Police Officer,72726,1997-05-10T00:00:00.000+0000,null
99477,69,Detective,67884,2013-11-11T00:00:00.000+0000,196
88122,69,Detective,67884,2011-07-21T00:00:00.000+0000,139
71888,69,Detective,67884,2008-11-08T00:00:00.000+0000,71
70020,69,Detective,67884,2008-08-07T00:00:00.000+0000,null
69849,69,Detective,67884,2008-07-30T00:00:00.000+0000,null
65002,69,Detective,67884,2007-11-27T00:00:00.000+0000,71
59541,69,Detective,67884,2007-03-05T00:00:00.000+0000,139
3657,69,Detective,67884,2000-06-02T00:00:00.000+0000,115
177587,69,Detective,67884,2000-06-02T00:00:00.000+0000,null
173399,69,Detective,67884,1999-09-07T00:00:00.000+0000,null
171565,69,Detective,67884,1999-05-23T00:00:00.000+0000,null
160073,69,Detective,67884,1997-07-04T00:00:00.000+0000,null
154438,69,Detective,67884,1996-09-02T00:00:00.000+0000,null
44183,70,Sergeant,90348,2005-02-01T00:00:00.000+0000,51
174575,70,Sergeant,90348,1999-11-23T00:00:00.000+0000,null
138174,70,Sergeant,90348,1994-06-04T00:00:00.000+0000,null
137431,70,Sergeant,90348,1994-04-25T00:00:00.000+0000,null
129139,70,Sergeant,90348,1992-12-28T00:00:00.000+0000,null
127335,70,Sergeant,90348,1992-09-23T00:00:00.000+0000,null
126894,70,Sergeant,90348,1992-09-01T00:00:00.000+0000,null
120386,70,Sergeant,90348,1991-07-22T00:00:00.000+0000,null
134239,71,Sergeant,105864,1993-09-24T00:00:00.000+0000,null
110203,72,Sergeant,99756,2017-04-10T00:00:00.000+0000,14
98310,75,Sergeant,98184,2013-08-02T00:00:00.000+0000,57
98001,75,Sergeant,98184,2013-07-11T00:00:00.000+0000,52
97612,75,Sergeant,98184,2013-06-11T00:00:00.000+0000,52
87487,75,Sergeant,98184,2011-04-02T00:00:00.000+0000,23
69257,75,Sergeant,98184,2008-06-17T00:00:00.000+0000,66
72755,75,Sergeant,98184,2006-12-16T00:00:00.000+0000,65
61070,75,Sergeant,98184,2007-05-20T00:00:00.000+0000,128
60570,75,Sergeant,98184,2007-04-26T00:00:00.000+0000,87
59445,75,Sergeant,98184,2007-02-04T00:00:00.000+0000,133
56322,75,Sergeant,98184,2006-09-09T00:00:00.000+0000,133
54338,75,Sergeant,98184,2006-05-29T00:00:00.000+0000,77
54223,75,Sergeant,98184,2006-05-29T00:00:00.000+0000,77
52995,75,Sergeant,98184,2006-03-26T00:00:00.000+0000,81
45627,75,Sergeant,98184,2005-04-18T00:00:00.000+0000,132
44272,75,Sergeant,98184,2005-01-27T00:00:00.000+0000,132
41063,75,Sergeant,98184,2004-08-28T00:00:00.000+0000,132
32919,75,Sergeant,98184,2003-09-05T00:00:00.000+0000,147
27849,75,Sergeant,98184,2003-01-04T00:00:00.000+0000,132
26111,75,Sergeant,98184,2002-10-31T00:00:00.000+0000,87
17319,75,Sergeant,98184,2001-11-21T00:00:00.000+0000,87
16609,75,Sergeant,98184,2001-10-31T00:00:00.000+0000,null
8725,75,Sergeant,98184,2000-12-21T00:00:00.000+0000,84
7041,75,Sergeant,98184,2000-10-08T00:00:00.000+0000,140
5691,75,Sergeant,98184,2000-08-04T00:00:00.000+0000,101
180591,75,Sergeant,98184,2000-12-21T00:00:00.000+0000,null
179664,75,Sergeant,98184,2000-10-08T00:00:00.000+0000,null
178864,75,Sergeant,98184,2000-08-04T00:00:00.000+0000,null
158538,76,Sergeant,87534,1997-04-18T00:00:00.000+0000,null
158343,76,Sergeant,87534,1997-04-08T00:00:00.000+0000,null
137192,76,Sergeant,87534,1994-04-13T00:00:00.000+0000,null
122124,76,Sergeant,87534,1991-10-09T00:00:00.000+0000,null
79837,77,Sergeant,82152,2010-01-12T00:00:00.000+0000,null
73124,77,Sergeant,82152,2008-04-25T00:00:00.000+0000,157
42781,77,Sergeant,82152,2004-11-17T00:00:00.000+0000,113
2401,77,Sergeant,82152,2000-04-09T00:00:00.000+0000,103
176773,77,Sergeant,82152,2000-04-09T00:00:00.000+0000,null
13810,78,Sergeant,70488,2001-07-16T00:00:00.000+0000,253
990,78,Sergeant,70488,2000-02-04T00:00:00.000+0000,235
175821,78,Sergeant,70488,2000-02-04T00:00:00.000+0000,null
168540,78,Sergeant,70488,1998-10-31T00:00:00.000+0000,null
163706,78,Sergeant,70488,1998-01-28T00:00:00.000+0000,null
163550,78,Sergeant,70488,1998-01-19T00:00:00.000+0000,null
153058,78,Sergeant,70488,1996-07-20T00:00:00.000+0000,null
122068,78,Sergeant,70488,1991-10-07T00:00:00.000+0000,null
161936,79,Sergeant,101442,1997-03-13T00:00:00.000+0000,null
160895,79,Sergeant,101442,1997-08-06T00:00:00.000+0000,null
130994,79,Sergeant,101442,1993-03-23T00:00:00.000+0000,null
117607,79,Sergeant,101442,1991-02-20T00:00:00.000+0000,null
97385,80,Sergeant,70488,2013-05-23T00:00:00.000+0000,228
96592,80,Sergeant,70488,2013-04-07T00:00:00.000+0000,228
94116,80,Sergeant,70488,2012-09-06T00:00:00.000+0000,228
92474,80,Sergeant,70488,2012-05-11T00:00:00.000+0000,238
91476,80,Sergeant,70488,2012-03-06T00:00:00.000+0000,221
88674,80,Sergeant,70488,2011-08-26T00:00:00.000+0000,235
60946,81,Detective,93648,2007-05-14T00:00:00.000+0000,163
58965,81,Detective,93648,2006-11-20T00:00:00.000+0000,null
56558,81,Detective,93648,2006-08-20T00:00:00.000+0000,null
55813,81,Detective,93648,2006-08-12T00:00:00.000+0000,null
38830,81,Detective,93648,2004-05-14T00:00:00.000+0000,65
36247,81,Detective,93648,2004-01-28T00:00:00.000+0000,95
35081,81,Detective,93648,2003-11-26T00:00:00.000+0000,135
33619,81,Detective,93648,2003-10-01T00:00:00.000+0000,66
32435,81,Detective,93648,2003-08-15T00:00:00.000+0000,95
122806,82,Police Officer,74178,1991-11-19T00:00:00.000+0000,null
20367,83,Sergeant,96648,2002-04-11T00:00:00.000+0000,40
14424,83,Sergeant,96648,2001-08-07T00:00:00.000+0000,196
12877,83,Sergeant,96648,2001-06-14T00:00:00.000+0000,57
167620,83,Sergeant,96648,1998-09-10T00:00:00.000+0000,null
155587,83,Sergeant,96648,1996-11-12T00:00:00.000+0000,null
150038,83,Sergeant,96648,1996-02-19T00:00:00.000+0000,null
79806,87,Detective,72516,2010-01-11T00:00:00.000+0000,258
64888,87,Detective,72516,2007-11-19T00:00:00.000+0000,251
133616,87,Detective,72516,1993-08-25T00:00:00.000+0000,null
133207,87,Detective,72516,1993-08-05T00:00:00.000+0000,null
127727,88,Sergeant,93708,1992-10-12T00:00:00.000+0000,null
127210,88,Sergeant,93708,1992-09-16T00:00:00.000+0000,null
122703,88,Sergeant,93708,1991-11-13T00:00:00.000+0000,null
121261,88,Sergeant,93708,1991-08-30T00:00:00.000+0000,null
117612,88,Sergeant,93708,1991-02-20T00:00:00.000+0000,null
44352,89,Sergeant,93708,2005-02-01T00:00:00.000+0000,160
22898,89,Sergeant,93708,2002-01-13T00:00:00.000+0000,160
4666,89,Sergeant,93708,2000-07-12T00:00:00.000+0000,120
178230,89,Sergeant,93708,2000-07-12T00:00:00.000+0000,null
156849,89,Sergeant,93708,1997-01-26T00:00:00.000+0000,null
156223,89,Sergeant,93708,1996-12-27T00:00:00.000+0000,null
145421,89,Sergeant,93708,1995-06-24T00:00:00.000+0000,null
110972,90,Field Training Officer,64662,1998-11-25T00:00:00.000+0000,null
92914,90,Field Training Officer,64662,2012-06-15T00:00:00.000+0000,251
50033,90,Field Training Officer,64662,2004-04-15T00:00:00.000+0000,251
34324,90,Field Training Officer,64662,2003-10-20T00:00:00.000+0000,72
17443,90,Field Training Officer,64662,2001-12-04T00:00:00.000+0000,136
1577,90,Field Training Officer,64662,2000-03-10T00:00:00.000+0000,115
1043,90,Field Training Officer,64662,2000-01-18T00:00:00.000+0000,136
180210,90,Field Training Officer,64662,2000-11-16T00:00:00.000+0000,null
176063,90,Field Training Officer,64662,1998-11-25T00:00:00.000+0000,null
175860,90,Field Training Officer,64662,2000-01-18T00:00:00.000+0000,null
172289,90,Field Training Officer,64662,1999-07-03T00:00:00.000+0000,null
171654,90,Field Training Officer,64662,1999-05-24T00:00:00.000+0000,null
170172,90,Field Training Officer,64662,1999-02-26T00:00:00.000+0000,null
165529,90,Field Training Officer,64662,1998-05-16T00:00:00.000+0000,null
165357,90,Field Training Officer,64662,1998-05-09T00:00:00.000+0000,null
162580,90,Field Training Officer,64662,1997-11-14T00:00:00.000+0000,null
159260,90,Field Training Officer,64662,1997-03-15T00:00:00.000+0000,null
155035,90,Field Training Officer,64662,1996-10-18T00:00:00.000+0000,null
153429,90,Field Training Officer,64662,1996-01-24T00:00:00.000+0000,null
143972,90,Field Training Officer,64662,1995-04-12T00:00:00.000+0000,null
138706,90,Field Training Officer,64662,1994-04-01T00:00:00.000+0000,null
134493,90,Field Training Officer,64662,1993-10-07T00:00:00.000+0000,null
125477,90,Field Training Officer,64662,1992-05-15T00:00:00.000+0000,null
118630,90,Field Training Officer,64662,1991-04-22T00:00:00.000+0000,null
118152,90,Field Training Officer,64662,1991-03-26T00:00:00.000+0000,null
46072,91,Detective,80400,2005-05-04T00:00:00.000+0000,191
8782,91,Detective,80400,2000-12-14T00:00:00.000+0000,132
180614,91,Detective,80400,2000-12-14T00:00:00.000+0000,null
153278,91,Detective,80400,1996-07-30T00:00:00.000+0000,null
151869,91,Detective,80400,1996-05-24T00:00:00.000+0000,null
145346,91,Detective,80400,1995-06-10T00:00:00.000+0000,null
144411,91,Detective,80400,1995-05-06T00:00:00.000+0000,null
144256,91,Detective,80400,1995-04-28T00:00:00.000+0000,null
140982,91,Detective,80400,1994-10-18T00:00:00.000+0000,null
137312,91,Detective,80400,1994-04-20T00:00:00.000+0000,null
133326,91,Detective,80400,1993-08-10T00:00:00.000+0000,null
125514,91,Detective,80400,1992-05-16T00:00:00.000+0000,null
119913,91,Detective,80400,1991-06-28T00:00:00.000+0000,null
119327,91,Detective,80400,1991-05-29T00:00:00.000+0000,null
116753,91,Detective,80400,1990-12-29T00:00:00.000+0000,null
115617,91,Detective,80400,1990-10-24T00:00:00.000+0000,null
113835,91,Detective,80400,1989-10-17T00:00:00.000+0000,null
95119,93,Field Training Officer,73116,2012-10-18T00:00:00.000+0000,156
66767,93,Field Training Officer,73116,2006-10-29T00:00:00.000+0000,266
60962,93,Field Training Officer,73116,2007-05-15T00:00:00.000+0000,211
37174,93,Field Training Officer,73116,2004-03-08T00:00:00.000+0000,201
3675,93,Field Training Officer,73116,2000-04-27T00:00:00.000+0000,269
177601,93,Field Training Officer,73116,2000-04-27T00:00:00.000+0000,null
158658,93,Field Training Officer,73116,1997-04-25T00:00:00.000+0000,null
144373,93,Field Training Officer,73116,1995-04-10T00:00:00.000+0000,null
144233,93,Field Training Officer,73116,1995-04-26T00:00:00.000+0000,null
131400,93,Field Training Officer,73116,1993-05-05T00:00:00.000+0000,null
130666,93,Field Training Officer,73116,1993-03-22T00:00:00.000+0000,null
128388,93,Field Training Officer,73116,1992-11-18T00:00:00.000+0000,null
90551,94,Sergeant,82152,2011-05-19T00:00:00.000+0000,172
86482,94,Sergeant,82152,2011-03-30T00:00:00.000+0000,177
62132,94,Sergeant,82152,2007-07-12T00:00:00.000+0000,172
47029,94,Sergeant,82152,2005-06-12T00:00:00.000+0000,177
44938,94,Sergeant,82152,2005-03-14T00:00:00.000+0000,190
43250,94,Sergeant,82152,2004-12-12T00:00:00.000+0000,173
25167,94,Sergeant,82152,2002-09-12T00:00:00.000+0000,192
9527,94,Sergeant,82152,2001-01-27T00:00:00.000+0000,172
3067,94,Sergeant,82152,2000-05-12T00:00:00.000+0000,192
2922,94,Sergeant,82152,2000-05-05T00:00:00.000+0000,189
180909,94,Sergeant,82152,2001-01-27T00:00:00.000+0000,null
177200,94,Sergeant,82152,2000-05-12T00:00:00.000+0000,null
177116,94,Sergeant,82152,2000-05-05T00:00:00.000+0000,null
170292,94,Sergeant,82152,1999-03-07T00:00:00.000+0000,null
167461,94,Sergeant,82152,1998-08-29T00:00:00.000+0000,null
13850,96,Sergeant,102978,2001-06-24T00:00:00.000+0000,63
153008,96,Sergeant,102978,1996-07-15T00:00:00.000+0000,null
148785,96,Sergeant,102978,1995-12-16T00:00:00.000+0000,null
147539,96,Sergeant,102978,1995-10-10T00:00:00.000+0000,null
146249,96,Sergeant,102978,1995-08-07T00:00:00.000+0000,null
140385,96,Sergeant,102978,1994-09-17T00:00:00.000+0000,null
140113,96,Sergeant,102978,1994-09-05T00:00:00.000+0000,null
133930,96,Sergeant,102978,1993-09-09T00:00:00.000+0000,null
130211,96,Sergeant,102978,1993-02-15T00:00:00.000+0000,null
122709,96,Sergeant,102978,1991-11-09T00:00:00.000+0000,null
148689,96,Sergeant,102978,1995-12-07T00:00:00.000+0000,null
136041,97,Sergeant,102564,1994-02-07T00:00:00.000+0000,null
134157,97,Sergeant,102564,1993-09-20T00:00:00.000+0000,null
138872,100,Detective,97044,1994-07-07T00:00:00.000+0000,null
137871,100,Detective,97044,1994-05-18T00:00:00.000+0000,null
137752,100,Detective,97044,1994-04-15T00:00:00.000+0000,null
137528,100,Detective,97044,1994-04-30T00:00:00.000+0000,null
132853,100,Detective,97044,1993-07-14T00:00:00.000+0000,null
131294,100,Detective,97044,1993-04-29T00:00:00.000+0000,null
159449,103,Sergeant,87534,1997-06-06T00:00:00.000+0000,null
145858,103,Sergeant,87534,1995-07-19T00:00:00.000+0000,null
82781,105,Detective,93648,2010-07-17T00:00:00.000+0000,null
56416,105,Detective,93648,2006-09-14T00:00:00.000+0000,null
26123,105,Detective,93648,2002-10-21T00:00:00.000+0000,null
167681,105,Detective,93648,1998-08-18T00:00:00.000+0000,null
161102,105,Detective,93648,1997-08-27T00:00:00.000+0000,null
153372,105,Detective,93648,1996-08-04T00:00:00.000+0000,null
151019,105,Detective,93648,1996-04-12T00:00:00.000+0000,null
150802,105,Detective,93648,1996-04-01T00:00:00.000+0000,null
146183,105,Detective,93648,1995-08-03T00:00:00.000+0000,null
145650,105,Detective,93648,1995-07-09T00:00:00.000+0000,null
141112,105,Detective,93648,1994-10-27T00:00:00.000+0000,null
127654,105,Detective,93648,1992-10-08T00:00:00.000+0000,null
121688,105,Detective,93648,1991-09-05T00:00:00.000+0000,null
117095,105,Detective,93648,1991-01-20T00:00:00.000+0000,null
112906,105,Detective,93648,1989-08-31T00:00:00.000+0000,null
108259,107,Detective,65646,2016-02-27T00:00:00.000+0000,2
105456,107,Detective,65646,2015-05-20T00:00:00.000+0000,93
104976,107,Detective,65646,2015-04-04T00:00:00.000+0000,227
74905,108,Sergeant,107988,2009-03-30T00:00:00.000+0000,null
42842,108,Sergeant,107988,2004-11-21T00:00:00.000+0000,205
34878,108,Sergeant,107988,2003-10-27T00:00:00.000+0000,90
22556,108,Sergeant,107988,2002-06-27T00:00:00.000+0000,228
2248,108,Sergeant,107988,2000-04-05T00:00:00.000+0000,227
176674,108,Sergeant,107988,2000-04-05T00:00:00.000+0000,null
114390,109,Field Training Officer,71700,1989-11-18T00:00:00.000+0000,null
113563,109,Field Training Officer,71700,1989-10-03T00:00:00.000+0000,null
143244,110,Field Training Officer,68262,1997-03-06T00:00:00.000+0000,null
143200,110,Field Training Officer,68262,1995-02-25T00:00:00.000+0000,null
137772,110,Field Training Officer,68262,1994-05-12T00:00:00.000+0000,null
135371,110,Field Training Officer,68262,1993-12-26T00:00:00.000+0000,null
132729,110,Field Training Officer,68262,1993-05-28T00:00:00.000+0000,null
131182,110,Field Training Officer,68262,1993-04-19T00:00:00.000+0000,null
122809,110,Field Training Officer,68262,1991-11-19T00:00:00.000+0000,null
121305,110,Field Training Officer,68262,1991-09-01T00:00:00.000+0000,null
21542,111,Detective,70260,2002-05-23T00:00:00.000+0000,132
2554,111,Detective,70260,2000-04-20T00:00:00.000+0000,132
480,111,Detective,70260,2000-01-20T00:00:00.000+0000,214
176871,111,Detective,70260,2000-03-27T00:00:00.000+0000,null
175460,111,Detective,70260,2000-01-20T00:00:00.000+0000,null
173065,111,Detective,70260,1999-08-14T00:00:00.000+0000,null
170805,111,Detective,70260,1999-04-08T00:00:00.000+0000,null
166985,111,Detective,70260,1998-08-02T00:00:00.000+0000,null
166899,111,Detective,70260,1998-07-31T00:00:00.000+0000,null
153703,111,Detective,70260,1996-08-19T00:00:00.000+0000,null
142011,111,Detective,70260,1994-12-18T00:00:00.000+0000,null
140676,111,Detective,70260,1994-10-02T00:00:00.000+0000,null
138023,111,Detective,70260,1994-01-01T00:00:00.000+0000,null
125602,111,Detective,70260,1992-05-15T00:00:00.000+0000,null
121729,111,Detective,70260,1991-09-20T00:00:00.000+0000,null
118122,111,Detective,70260,1991-02-17T00:00:00.000+0000,null
16575,112,Detective,73968,2001-10-29T00:00:00.000+0000,148
16533,112,Detective,73968,2001-10-27T00:00:00.000+0000,109
15077,112,Detective,73968,2001-08-31T00:00:00.000+0000,109
17526,113,Police Officer,90846,2001-12-03T00:00:00.000+0000,199
14989,113,Police Officer,90846,2001-08-28T00:00:00.000+0000,210
150,113,Police Officer,90846,2000-01-09T00:00:00.000+0000,214
175220,113,Police Officer,90846,2000-01-09T00:00:00.000+0000,null
173646,113,Police Officer,90846,1999-09-24T00:00:00.000+0000,null
171642,113,Police Officer,90846,1999-05-27T00:00:00.000+0000,null
166651,113,Police Officer,90846,1998-07-20T00:00:00.000+0000,null
122476,113,Police Officer,90846,1991-10-29T00:00:00.000+0000,null
120629,113,Police Officer,90846,1991-07-26T00:00:00.000+0000,null
117607,113,Police Officer,90846,1991-02-20T00:00:00.000+0000,null
83627,114,Police Officer,74178,2010-08-31T00:00:00.000+0000,261
76946,114,Police Officer,74178,2009-07-23T00:00:00.000+0000,265
75388,114,Police Officer,74178,2009-04-28T00:00:00.000+0000,261
73731,114,Police Officer,74178,2009-01-26T00:00:00.000+0000,261
59730,114,Police Officer,74178,2007-03-12T00:00:00.000+0000,null
47773,114,Police Officer,74178,2005-07-18T00:00:00.000+0000,227
14694,114,Police Officer,74178,2001-08-17T00:00:00.000+0000,128
166310,114,Police Officer,74178,1998-07-01T00:00:00.000+0000,null
165735,114,Police Officer,74178,1998-05-30T00:00:00.000+0000,null
163993,114,Police Officer,74178,1998-02-14T00:00:00.000+0000,null
156352,114,Police Officer,74178,1997-01-03T00:00:00.000+0000,null
155021,114,Police Officer,74178,1996-10-19T00:00:00.000+0000,null
155008,114,Police Officer,74178,1996-10-18T00:00:00.000+0000,null
150298,114,Police Officer,74178,1996-03-05T00:00:00.000+0000,null
147732,114,Police Officer,74178,1995-10-01T00:00:00.000+0000,null
145278,114,Police Officer,74178,1995-06-18T00:00:00.000+0000,null
142552,114,Police Officer,74178,1995-01-22T00:00:00.000+0000,null
133341,114,Police Officer,74178,1993-08-06T00:00:00.000+0000,null
127298,114,Police Officer,74178,1992-09-11T00:00:00.000+0000,null
124468,114,Police Officer,74178,1992-03-13T00:00:00.000+0000,null
123366,114,Police Officer,74178,1991-12-29T00:00:00.000+0000,null
120690,114,Police Officer,74178,1991-08-04T00:00:00.000+0000,null
98873,115,Detective,90540,2013-09-16T00:00:00.000+0000,257
98316,115,Detective,90540,2013-08-02T00:00:00.000+0000,218
93355,115,Detective,90540,2012-07-12T00:00:00.000+0000,261
93296,115,Detective,90540,2012-07-11T00:00:00.000+0000,258
89157,115,Detective,90540,2011-09-28T00:00:00.000+0000,136
88590,115,Detective,90540,2011-08-20T00:00:00.000+0000,218
87872,115,Detective,90540,2011-07-05T00:00:00.000+0000,217
87189,115,Detective,90540,2011-05-17T00:00:00.000+0000,257
83418,115,Detective,90540,2010-08-18T00:00:00.000+0000,261
80784,115,Detective,90540,2010-03-14T00:00:00.000+0000,220
77939,115,Detective,90540,2009-09-15T00:00:00.000+0000,220
72767,115,Detective,90540,2008-11-08T00:00:00.000+0000,219
70056,115,Detective,90540,2008-08-09T00:00:00.000+0000,262
98865,116,Police Officer,70488,2013-09-17T00:00:00.000+0000,224
96560,116,Police Officer,70488,2012-11-30T00:00:00.000+0000,224
89784,116,Police Officer,70488,2011-11-03T00:00:00.000+0000,222
86566,116,Police Officer,70488,2011-04-04T00:00:00.000+0000,225
26397,117,Police Officer,77238,2002-11-15T00:00:00.000+0000,2
23563,117,Police Officer,77238,2002-08-02T00:00:00.000+0000,269
13404,117,Police Officer,77238,2001-06-08T00:00:00.000+0000,269
8389,117,Police Officer,77238,2000-12-04T00:00:00.000+0000,269
180417,117,Police Officer,77238,2000-12-04T00:00:00.000+0000,null
171552,117,Police Officer,77238,1999-05-22T00:00:00.000+0000,null
168770,117,Police Officer,77238,1998-11-16T00:00:00.000+0000,null
168278,117,Police Officer,77238,1998-10-14T00:00:00.000+0000,null
165526,117,Police Officer,77238,1998-05-17T00:00:00.000+0000,null
152328,117,Police Officer,77238,1996-06-16T00:00:00.000+0000,null
151103,117,Police Officer,77238,1996-04-16T00:00:00.000+0000,null
143982,117,Police Officer,77238,1995-04-04T00:00:00.000+0000,null
136716,117,Police Officer,77238,1994-03-10T00:00:00.000+0000,null
122923,117,Police Officer,77238,1991-08-28T00:00:00.000+0000,null
120134,117,Police Officer,77238,1991-06-17T00:00:00.000+0000,null
116348,117,Police Officer,77238,1990-12-07T00:00:00.000+0000,null
112106,117,Police Officer,77238,1986-11-07T00:00:00.000+0000,null
111443,117,Police Officer,77238,1983-09-28T00:00:00.000+0000,null
74634,118,Field Training Officer,58572,2009-03-06T00:00:00.000+0000,117
65504,118,Field Training Officer,58572,2007-12-21T00:00:00.000+0000,269
27543,118,Field Training Officer,58572,2002-09-15T00:00:00.000+0000,110
22679,118,Field Training Officer,58572,2002-06-14T00:00:00.000+0000,269
18427,118,Field Training Officer,58572,2002-01-19T00:00:00.000+0000,118
14075,118,Field Training Officer,58572,2001-07-24T00:00:00.000+0000,null
13959,118,Field Training Officer,58572,2001-07-21T00:00:00.000+0000,116
12352,118,Field Training Officer,58572,2001-05-25T00:00:00.000+0000,116
8041,118,Field Training Officer,58572,2000-11-18T00:00:00.000+0000,269
5191,118,Field Training Officer,58572,2000-07-31T00:00:00.000+0000,116
3450,118,Field Training Officer,58572,2000-05-29T00:00:00.000+0000,null
180233,118,Field Training Officer,58572,2000-11-18T00:00:00.000+0000,null
177439,118,Field Training Officer,58572,2000-05-29T00:00:00.000+0000,null
166082,118,Field Training Officer,58572,1998-06-21T00:00:00.000+0000,null
93142,119,Sergeant,84876,2012-06-30T00:00:00.000+0000,156
89578,119,Sergeant,84876,2011-10-28T00:00:00.000+0000,116
77407,119,Sergeant,84876,2009-08-17T00:00:00.000+0000,null
72405,119,Sergeant,84876,2008-12-04T00:00:00.000+0000,null
66854,119,Sergeant,84876,2008-02-29T00:00:00.000+0000,null
70566,119,Sergeant,84876,2006-07-23T00:00:00.000+0000,66
45274,119,Sergeant,84876,2005-03-29T00:00:00.000+0000,263
45059,119,Sergeant,84876,2005-03-20T00:00:00.000+0000,203
44922,119,Sergeant,84876,2005-03-12T00:00:00.000+0000,120
41091,119,Sergeant,84876,2004-08-28T00:00:00.000+0000,133
38803,119,Sergeant,84876,2004-05-18T00:00:00.000+0000,192
30045,119,Sergeant,84876,2003-05-01T00:00:00.000+0000,null
27590,119,Sergeant,84876,2002-09-08T00:00:00.000+0000,null
17439,119,Sergeant,84876,2001-12-03T00:00:00.000+0000,null
10555,119,Sergeant,84876,2001-03-13T00:00:00.000+0000,null
23360,122,Police Officer,59412,2002-07-26T00:00:00.000+0000,209
21935,122,Police Officer,59412,2002-06-06T00:00:00.000+0000,117
169374,122,Police Officer,59412,1999-01-03T00:00:00.000+0000,null
160390,122,Police Officer,59412,1997-07-23T00:00:00.000+0000,null
150577,122,Police Officer,59412,1996-01-26T00:00:00.000+0000,null
145610,122,Police Officer,59412,1995-07-06T00:00:00.000+0000,null
140009,122,Police Officer,59412,1994-08-30T00:00:00.000+0000,null
137767,122,Police Officer,59412,1994-05-13T00:00:00.000+0000,null
136599,122,Police Officer,59412,1994-03-10T00:00:00.000+0000,null
120531,122,Police Officer,59412,1991-07-26T00:00:00.000+0000,null
113043,122,Police Officer,59412,1989-09-07T00:00:00.000+0000,null
112998,122,Police Officer,59412,1989-09-05T00:00:00.000+0000,null
111981,123,Field Training Officer,79170,1986-04-05T00:00:00.000+0000,null
82382,124,Detective,67884,2010-02-20T00:00:00.000+0000,258
66898,124,Detective,67884,2008-02-05T00:00:00.000+0000,null
57093,124,Detective,67884,2006-10-19T00:00:00.000+0000,258
44631,124,Detective,67884,2005-02-26T00:00:00.000+0000,242
41635,124,Detective,67884,2004-09-21T00:00:00.000+0000,240
30107,124,Detective,67884,2003-05-03T00:00:00.000+0000,2
24530,124,Detective,67884,2002-09-05T00:00:00.000+0000,255
2878,124,Detective,67884,2000-05-03T00:00:00.000+0000,258
177082,124,Detective,67884,2000-05-03T00:00:00.000+0000,null
174985,124,Detective,67884,1999-12-19T00:00:00.000+0000,null
173476,124,Detective,67884,1999-09-12T00:00:00.000+0000,null
165525,124,Detective,67884,1998-05-17T00:00:00.000+0000,null
153349,124,Detective,67884,1996-08-02T00:00:00.000+0000,null
146320,124,Detective,67884,1995-08-10T00:00:00.000+0000,null
125060,124,Detective,67884,1992-04-20T00:00:00.000+0000,null
161156,126,Detective,96084,1997-08-29T00:00:00.000+0000,null
122566,126,Detective,96084,1991-11-05T00:00:00.000+0000,null
115871,126,Detective,96084,1990-11-07T00:00:00.000+0000,null
110966,127,Detective,73968,1999-09-06T00:00:00.000+0000,269
88026,127,Detective,73968,2011-07-17T00:00:00.000+0000,239
87436,127,Detective,73968,2011-06-07T00:00:00.000+0000,232
86937,127,Detective,73968,2011-04-26T00:00:00.000+0000,239
86911,127,Detective,73968,2011-04-25T00:00:00.000+0000,222
85661,127,Detective,73968,2011-01-26T00:00:00.000+0000,222
83775,127,Detective,73968,2010-09-09T00:00:00.000+0000,224
83023,127,Detective,73968,2010-07-31T00:00:00.000+0000,245
81966,127,Detective,73968,2010-05-29T00:00:00.000+0000,225
81498,127,Detective,73968,2010-03-28T00:00:00.000+0000,248
80885,127,Detective,73968,2010-03-21T00:00:00.000+0000,224
76466,127,Detective,73968,2009-06-26T00:00:00.000+0000,239
75164,127,Detective,73968,2009-04-15T00:00:00.000+0000,236
71676,127,Detective,73968,2008-10-29T00:00:00.000+0000,224
71381,127,Detective,73968,2008-10-13T00:00:00.000+0000,224
70718,127,Detective,73968,2008-09-10T00:00:00.000+0000,225
66478,127,Detective,73968,2008-02-11T00:00:00.000+0000,232
64814,127,Detective,73968,2007-11-16T00:00:00.000+0000,245
62181,127,Detective,73968,2007-07-15T00:00:00.000+0000,222
20171,127,Detective,73968,2002-04-03T00:00:00.000+0000,2
18718,127,Detective,73968,2002-01-09T00:00:00.000+0000,269
15237,127,Detective,73968,2001-09-07T00:00:00.000+0000,269
11493,127,Detective,73968,2001-04-22T00:00:00.000+0000,155
177290,127,Detective,73968,2000-09-06T00:00:00.000+0000,null
175873,127,Detective,73968,1999-09-06T00:00:00.000+0000,null
169339,127,Detective,73968,1998-12-30T00:00:00.000+0000,null
149613,127,Detective,73968,1996-01-30T00:00:00.000+0000,null
147777,127,Detective,73968,1995-10-22T00:00:00.000+0000,null
131312,127,Detective,73968,1993-04-29T00:00:00.000+0000,null
131063,127,Detective,73968,1993-04-08T00:00:00.000+0000,null
121720,127,Detective,73968,1991-09-19T00:00:00.000+0000,null
119993,127,Detective,73968,1991-07-02T00:00:00.000+0000,null
119832,127,Detective,73968,1991-06-19T00:00:00.000+0000,null
118944,127,Detective,73968,1991-05-08T00:00:00.000+0000,null
118212,127,Detective,73968,1991-03-29T00:00:00.000+0000,null
117735,127,Detective,73968,1991-02-28T00:00:00.000+0000,null
117217,127,Detective,73968,1991-01-28T00:00:00.000+0000,null
116879,127,Detective,73968,1991-01-06T00:00:00.000+0000,null
115885,127,Detective,73968,1990-11-07T00:00:00.000+0000,null
114540,127,Detective,73968,1989-11-30T00:00:00.000+0000,null
114432,127,Detective,73968,1989-11-21T00:00:00.000+0000,null
117607,127,Detective,73968,1991-02-20T00:00:00.000+0000,null
112233,127,Detective,73968,1987-04-26T00:00:00.000+0000,null
108359,128,Field Training Officer,62742,2016-03-08T00:00:00.000+0000,260
86936,128,Field Training Officer,62742,2011-05-04T00:00:00.000+0000,232
74169,128,Field Training Officer,62742,2009-02-20T00:00:00.000+0000,239
73538,128,Field Training Officer,62742,2009-01-12T00:00:00.000+0000,239
69018,128,Field Training Officer,62742,2008-06-19T00:00:00.000+0000,225
68256,128,Field Training Officer,62742,2008-05-09T00:00:00.000+0000,224
64765,128,Field Training Officer,62742,2007-11-12T00:00:00.000+0000,225
61084,128,Field Training Officer,62742,2007-05-24T00:00:00.000+0000,225
60518,128,Field Training Officer,62742,2007-04-23T00:00:00.000+0000,225
53353,128,Field Training Officer,62742,2006-04-14T00:00:00.000+0000,225
52854,128,Field Training Officer,62742,2006-03-19T00:00:00.000+0000,225
26715,128,Field Training Officer,62742,2002-11-28T00:00:00.000+0000,246
26073,128,Field Training Officer,62742,2002-10-31T00:00:00.000+0000,253
22370,128,Field Training Officer,62742,2002-06-20T00:00:00.000+0000,246
16526,128,Field Training Officer,62742,2001-10-27T00:00:00.000+0000,260
15723,128,Field Training Officer,62742,2001-09-21T00:00:00.000+0000,237
9567,128,Field Training Officer,62742,2001-01-29T00:00:00.000+0000,236
5488,128,Field Training Officer,62742,2000-08-10T00:00:00.000+0000,null
2021,128,Field Training Officer,62742,2000-03-28T00:00:00.000+0000,253
180926,128,Field Training Officer,62742,2001-01-29T00:00:00.000+0000,null
178726,128,Field Training Officer,62742,2000-08-10T00:00:00.000+0000,null
177300,128,Field Training Officer,62742,2000-05-03T00:00:00.000+0000,null
176509,128,Field Training Officer,62742,2000-03-28T00:00:00.000+0000,null
158805,128,Field Training Officer,62742,1997-05-03T00:00:00.000+0000,null
158404,128,Field Training Officer,62742,1997-04-10T00:00:00.000+0000,null
158086,128,Field Training Officer,62742,1997-03-24T00:00:00.000+0000,null
156026,128,Field Training Officer,62742,1996-12-16T00:00:00.000+0000,null
152503,128,Field Training Officer,62742,1996-06-23T00:00:00.000+0000,null
152500,128,Field Training Officer,62742,1996-06-20T00:00:00.000+0000,null
151795,128,Field Training Officer,62742,1996-05-18T00:00:00.000+0000,null
151777,128,Field Training Officer,62742,1996-05-19T00:00:00.000+0000,null
148395,128,Field Training Officer,62742,1995-11-25T00:00:00.000+0000,null
104244,129,Detective,93192,2015-01-21T00:00:00.000+0000,166
75552,129,Detective,93192,2009-04-16T00:00:00.000+0000,207
74787,129,Detective,93192,2009-03-23T00:00:00.000+0000,274
70092,129,Detective,93192,2008-07-22T00:00:00.000+0000,207
69683,129,Detective,93192,2008-07-22T00:00:00.000+0000,207
43847,129,Detective,93192,2005-01-13T00:00:00.000+0000,274
35842,129,Detective,93192,2004-01-11T00:00:00.000+0000,77
78164,130,Sergeant,100440,2009-09-26T00:00:00.000+0000,11
69561,130,Sergeant,100440,2008-07-15T00:00:00.000+0000,44
64572,130,Sergeant,100440,2007-11-02T00:00:00.000+0000,49
29970,130,Sergeant,100440,2003-04-27T00:00:00.000+0000,44
21192,130,Sergeant,100440,2002-05-12T00:00:00.000+0000,45
9638,130,Sergeant,100440,2001-02-01T00:00:00.000+0000,46
8591,130,Sergeant,100440,2000-12-14T00:00:00.000+0000,44
6428,130,Sergeant,100440,2000-09-13T00:00:00.000+0000,11
180964,130,Sergeant,100440,2001-02-01T00:00:00.000+0000,null
180522,130,Sergeant,100440,2000-12-14T00:00:00.000+0000,null
179305,130,Sergeant,100440,2000-09-13T00:00:00.000+0000,null
169860,130,Sergeant,100440,1999-02-05T00:00:00.000+0000,null
160824,130,Sergeant,100440,1997-08-11T00:00:00.000+0000,null
154112,130,Sergeant,100440,1996-01-04T00:00:00.000+0000,null
149589,130,Sergeant,100440,1996-01-28T00:00:00.000+0000,null
147759,130,Sergeant,100440,1995-10-20T00:00:00.000+0000,null
143235,130,Sergeant,100440,1995-03-05T00:00:00.000+0000,null
131040,130,Sergeant,100440,1993-04-14T00:00:00.000+0000,null
114526,130,Sergeant,100440,1989-11-15T00:00:00.000+0000,null
104838,132,Detective,63456,2015-03-23T00:00:00.000+0000,132
164666,133,Detective,65646,1998-03-26T00:00:00.000+0000,null
163614,133,Detective,65646,1998-01-07T00:00:00.000+0000,null
146917,133,Detective,65646,1995-08-04T00:00:00.000+0000,null
117709,133,Detective,65646,1990-10-31T00:00:00.000+0000,null
175030,134,Deputy Chief,162012,1999-12-26T00:00:00.000+0000,null
171251,134,Deputy Chief,162012,1997-04-07T00:00:00.000+0000,null
166995,134,Deputy Chief,162012,1998-07-31T00:00:00.000+0000,null
163459,134,Deputy Chief,162012,1998-01-12T00:00:00.000+0000,null
162164,134,Deputy Chief,162012,1997-10-15T00:00:00.000+0000,null
157824,134,Deputy Chief,162012,1997-03-12T00:00:00.000+0000,null
147410,134,Deputy Chief,162012,1995-10-04T00:00:00.000+0000,null
142262,134,Deputy Chief,162012,1995-01-03T00:00:00.000+0000,null
137558,134,Deputy Chief,162012,1994-05-02T00:00:00.000+0000,null
136966,134,Deputy Chief,162012,1994-03-30T00:00:00.000+0000,null
124198,134,Deputy Chief,162012,1992-02-19T00:00:00.000+0000,null
120601,134,Deputy Chief,162012,1991-07-30T00:00:00.000+0000,null
106986,135,Chief,185364,2015-10-14T00:00:00.000+0000,232
105293,135,Chief,185364,2015-05-05T00:00:00.000+0000,222
101703,135,Chief,185364,2014-05-16T00:00:00.000+0000,237
101325,135,Chief,185364,2014-05-06T00:00:00.000+0000,236
89509,135,Chief,185364,2011-10-22T00:00:00.000+0000,261
68259,135,Chief,185364,2008-05-09T00:00:00.000+0000,261
63072,135,Chief,185364,2007-08-26T00:00:00.000+0000,261
62103,135,Chief,185364,2007-07-10T00:00:00.000+0000,261
41548,135,Chief,185364,2004-09-18T00:00:00.000+0000,220
37604,135,Chief,185364,2004-03-26T00:00:00.000+0000,254
125130,137,Police Officer,63672,1992-04-08T00:00:00.000+0000,null
120334,137,Police Officer,63672,1991-06-04T00:00:00.000+0000,null
118466,137,Police Officer,63672,1991-04-07T00:00:00.000+0000,null
117506,137,Police Officer,63672,1991-02-08T00:00:00.000+0000,null
112779,137,Police Officer,63672,1988-06-11T00:00:00.000+0000,null
111567,137,Police Officer,63672,1984-06-29T00:00:00.000+0000,null
47347,138,Police Officer,70488,2005-06-30T00:00:00.000+0000,238
32425,138,Police Officer,70488,2003-08-14T00:00:00.000+0000,null
30425,138,Police Officer,70488,2003-05-18T00:00:00.000+0000,null
27596,138,Police Officer,70488,2002-12-27T00:00:00.000+0000,118
4374,138,Police Officer,70488,2000-07-01T00:00:00.000+0000,228
178045,138,Police Officer,70488,2000-07-01T00:00:00.000+0000,null
156882,138,Police Officer,70488,1997-01-27T00:00:00.000+0000,null
151082,138,Police Officer,70488,1996-04-15T00:00:00.000+0000,null
150648,138,Police Officer,70488,1996-03-22T00:00:00.000+0000,null
147509,138,Police Officer,70488,1995-10-09T00:00:00.000+0000,null
146595,138,Police Officer,70488,1995-08-22T00:00:00.000+0000,null
145729,138,Police Officer,70488,1995-07-12T00:00:00.000+0000,null
141102,139,Police Officer,79926,1994-10-26T00:00:00.000+0000,null
28022,140,Field Training Officer,62742,2003-01-07T00:00:00.000+0000,139
9367,140,Field Training Officer,62742,2001-01-21T00:00:00.000+0000,139
180848,140,Field Training Officer,62742,2001-01-21T00:00:00.000+0000,null
162168,140,Field Training Officer,62742,1997-10-20T00:00:00.000+0000,null
157937,140,Field Training Officer,62742,1997-02-09T00:00:00.000+0000,null
146689,140,Field Training Officer,62742,1995-08-28T00:00:00.000+0000,null
146629,140,Field Training Officer,62742,1995-08-24T00:00:00.000+0000,null
136381,140,Field Training Officer,62742,1994-02-14T00:00:00.000+0000,null
131701,140,Field Training Officer,62742,1993-05-24T00:00:00.000+0000,null
131170,140,Field Training Officer,62742,1993-04-21T00:00:00.000+0000,null
130136,140,Field Training Officer,62742,1994-02-04T00:00:00.000+0000,null
114948,140,Field Training Officer,62742,1989-12-30T00:00:00.000+0000,null
114254,140,Field Training Officer,62742,1989-11-10T00:00:00.000+0000,null
172191,141,Detective,90456,1999-06-28T00:00:00.000+0000,null
122981,141,Detective,90456,1991-12-02T00:00:00.000+0000,null
110703,142,Sergeant,82152,2017-12-10T00:00:00.000+0000,214
100520,142,Sergeant,82152,2014-03-03T00:00:00.000+0000,204
100208,142,Sergeant,82152,2014-01-31T00:00:00.000+0000,205
99018,142,Sergeant,82152,2013-09-29T00:00:00.000+0000,266
97881,142,Sergeant,82152,2013-07-05T00:00:00.000+0000,271
95014,142,Sergeant,82152,2012-11-08T00:00:00.000+0000,205
91405,142,Sergeant,82152,2012-02-25T00:00:00.000+0000,200
96714,143,Sergeant,93708,2013-04-12T00:00:00.000+0000,261
96478,143,Sergeant,93708,2013-03-28T00:00:00.000+0000,null
78491,143,Sergeant,93708,2009-10-15T00:00:00.000+0000,218
68475,143,Sergeant,93708,2008-05-22T00:00:00.000+0000,261