officer_id,min(date),max(date),count,Date Range,Ratio
148,1992-11-11T00:00:00.000+0000,2008-12-31T00:00:00.000+0000,4,5894,1473.5
471,1981-06-20T00:00:00.000+0000,1985-04-29T00:00:00.000+0000,3,1409,469.67
833,1989-05-16T00:00:00.000+0000,2009-08-20T00:00:00.000+0000,44,7401,168.2
1088,1984-07-13T00:00:00.000+0000,1984-07-13T00:00:00.000+0000,1,0,0
1645,1992-06-16T00:00:00.000+0000,1995-07-30T00:00:00.000+0000,4,1139,284.75
1829,1998-10-23T00:00:00.000+0000,2004-05-25T00:00:00.000+0000,4,2041,510.25
1959,1990-10-01T00:00:00.000+0000,1995-02-04T00:00:00.000+0000,5,1587,317.4
2142,2016-03-08T00:00:00.000+0000,2016-03-08T00:00:00.000+0000,1,0,0
2366,1991-03-14T00:00:00.000+0000,2003-08-15T00:00:00.000+0000,2,4537,2268.5
2866,2000-01-07T00:00:00.000+0000,2012-09-15T00:00:00.000+0000,16,4635,289.69
3749,1991-06-08T00:00:00.000+0000,2010-12-22T00:00:00.000+0000,6,7137,1189.5
3794,1992-05-15T00:00:00.000+0000,1996-08-07T00:00:00.000+0000,3,1545,515
3997,2015-03-21T00:00:00.000+0000,2015-03-21T00:00:00.000+0000,1,0,0
4101,1999-02-27T00:00:00.000+0000,2015-02-04T00:00:00.000+0000,13,5821,447.77
4818,1989-11-03T00:00:00.000+0000,2001-08-18T00:00:00.000+0000,15,4306,287.07
4900,2014-01-30T00:00:00.000+0000,2015-01-23T00:00:00.000+0000,3,358,119.33
4935,1997-12-08T00:00:00.000+0000,2004-05-20T00:00:00.000+0000,6,2355,392.5
5300,1987-09-18T00:00:00.000+0000,1998-06-11T00:00:00.000+0000,11,3919,356.27
5518,1992-04-07T00:00:00.000+0000,1996-10-03T00:00:00.000+0000,9,1640,182.22
5803,2003-07-23T00:00:00.000+0000,2005-02-23T00:00:00.000+0000,2,581,290.5
6357,1989-12-11T00:00:00.000+0000,1998-05-29T00:00:00.000+0000,15,3091,206.07
6397,1997-03-24T00:00:00.000+0000,2013-11-26T00:00:00.000+0000,39,6091,156.18
6466,1989-11-11T00:00:00.000+0000,1992-02-14T00:00:00.000+0000,2,825,412.5
6620,1995-11-15T00:00:00.000+0000,2013-10-04T00:00:00.000+0000,26,6533,251.27
6658,2014-10-27T00:00:00.000+0000,2016-03-31T00:00:00.000+0000,3,521,173.67
7240,2008-07-13T00:00:00.000+0000,2016-02-15T00:00:00.000+0000,5,2773,554.6
7253,1993-02-11T00:00:00.000+0000,2007-04-03T00:00:00.000+0000,14,5164,368.86
7340,1993-01-14T00:00:00.000+0000,1997-09-09T00:00:00.000+0000,2,1699,849.5
7554,1992-02-12T00:00:00.000+0000,2001-04-26T00:00:00.000+0000,5,3361,672.2
7754,1992-03-31T00:00:00.000+0000,2000-10-11T00:00:00.000+0000,15,3116,207.73
7833,1991-07-02T00:00:00.000+0000,1991-07-02T00:00:00.000+0000,1,0,0
7982,1990-12-04T00:00:00.000+0000,2010-01-01T00:00:00.000+0000,45,6968,154.84
7993,1989-09-05T00:00:00.000+0000,2011-07-14T00:00:00.000+0000,29,7982,275.24
8086,2008-02-23T00:00:00.000+0000,2009-01-27T00:00:00.000+0000,3,339,113
8592,1996-11-25T00:00:00.000+0000,2008-05-13T00:00:00.000+0000,9,4187,465.22
8638,1997-12-19T00:00:00.000+0000,1997-12-19T00:00:00.000+0000,1,0,0
9376,1988-05-24T00:00:00.000+0000,1995-03-05T00:00:00.000+0000,4,2476,619
9427,1993-09-28T00:00:00.000+0000,1993-09-28T00:00:00.000+0000,1,0,0
9465,1993-01-28T00:00:00.000+0000,2000-05-01T00:00:00.000+0000,8,2650,331.25
9852,1992-09-21T00:00:00.000+0000,1999-08-24T00:00:00.000+0000,7,2528,361.14
9900,1996-02-10T00:00:00.000+0000,2003-04-18T00:00:00.000+0000,20,2624,131.2
10362,2011-04-30T00:00:00.000+0000,2014-08-18T00:00:00.000+0000,4,1206,301.5
10623,1987-05-05T00:00:00.000+0000,1994-06-29T00:00:00.000+0000,3,2612,870.67
10817,1998-12-06T00:00:00.000+0000,2006-01-13T00:00:00.000+0000,6,2595,432.5
11141,1993-06-07T00:00:00.000+0000,2010-10-08T00:00:00.000+0000,25,6332,253.28
11317,1991-09-03T00:00:00.000+0000,2001-04-23T00:00:00.000+0000,8,3520,440
11458,1999-03-04T00:00:00.000+0000,2000-08-27T00:00:00.000+0000,5,542,108.4
11858,2004-05-12T00:00:00.000+0000,2004-05-12T00:00:00.000+0000,1,0,0
12027,1996-04-04T00:00:00.000+0000,2012-02-03T00:00:00.000+0000,6,5783,963.83
12046,2002-02-22T00:00:00.000+0000,2003-04-05T00:00:00.000+0000,5,407,81.4
12799,2000-11-22T00:00:00.000+0000,2016-05-03T00:00:00.000+0000,7,5641,805.86
13285,1992-04-23T00:00:00.000+0000,2007-12-16T00:00:00.000+0000,5,5715,1143
13289,1984-01-27T00:00:00.000+0000,1984-01-27T00:00:00.000+0000,1,0,0
13623,1989-10-22T00:00:00.000+0000,2001-09-07T00:00:00.000+0000,47,4338,92.3
13832,1992-10-09T00:00:00.000+0000,1995-03-02T00:00:00.000+0000,4,874,218.5
13840,1991-05-07T00:00:00.000+0000,2001-09-30T00:00:00.000+0000,5,3799,759.8
14450,1997-06-08T00:00:00.000+0000,2016-01-02T00:00:00.000+0000,18,6782,376.78
14570,1998-10-15T00:00:00.000+0000,2008-10-09T00:00:00.000+0000,17,3647,214.53
14832,1991-03-02T00:00:00.000+0000,1996-11-24T00:00:00.000+0000,3,2094,698
15447,1989-05-02T00:00:00.000+0000,2004-01-06T00:00:00.000+0000,13,5362,412.46
15619,1986-12-29T00:00:00.000+0000,2000-04-20T00:00:00.000+0000,6,4861,810.17
15727,2007-10-20T00:00:00.000+0000,2014-01-19T00:00:00.000+0000,17,2283,134.29
15846,2001-03-23T00:00:00.000+0000,2001-03-23T00:00:00.000+0000,1,0,0
15957,2001-05-24T00:00:00.000+0000,2016-05-28T00:00:00.000+0000,16,5483,342.69
16339,1991-06-25T00:00:00.000+0000,2002-01-11T00:00:00.000+0000,6,3853,642.17
16574,1996-05-07T00:00:00.000+0000,2015-08-26T00:00:00.000+0000,13,7050,542.31
16861,2007-09-15T00:00:00.000+0000,2008-03-21T00:00:00.000+0000,2,188,94
17679,1989-05-17T00:00:00.000+0000,2015-06-03T00:00:00.000+0000,34,9513,279.79
17753,1993-03-09T00:00:00.000+0000,2002-08-17T00:00:00.000+0000,12,3448,287.33
18051,1991-04-12T00:00:00.000+0000,2012-07-01T00:00:00.000+0000,4,7751,1937.75
18866,1997-11-28T00:00:00.000+0000,1997-11-28T00:00:00.000+0000,1,0,0
18911,2005-01-18T00:00:00.000+0000,2015-05-19T00:00:00.000+0000,15,3773,251.53
18944,1992-07-14T00:00:00.000+0000,2008-03-14T00:00:00.000+0000,7,5722,817.43
18979,1989-10-09T00:00:00.000+0000,2010-12-22T00:00:00.000+0000,14,7744,553.14
19204,2001-10-10T00:00:00.000+0000,2014-04-21T00:00:00.000+0000,11,4576,416
19530,2006-12-15T00:00:00.000+0000,2009-01-30T00:00:00.000+0000,3,777,259
19984,2006-09-01T00:00:00.000+0000,2017-04-10T00:00:00.000+0000,8,3874,484.25
20135,1991-05-10T00:00:00.000+0000,1991-05-10T00:00:00.000+0000,1,0,0
20735,2005-05-15T00:00:00.000+0000,2014-08-11T00:00:00.000+0000,6,3375,562.5
20924,1982-05-15T00:00:00.000+0000,2006-03-24T00:00:00.000+0000,28,8714,311.21
21220,2003-07-12T00:00:00.000+0000,2014-12-30T00:00:00.000+0000,31,4189,135.13
22097,1985-12-04T00:00:00.000+0000,1996-01-30T00:00:00.000+0000,3,3709,1236.33
22346,1971-04-06T00:00:00.000+0000,1971-04-06T00:00:00.000+0000,1,0,0
22373,1990-10-04T00:00:00.000+0000,2002-12-27T00:00:00.000+0000,7,4467,638.14
22521,1993-04-20T00:00:00.000+0000,1993-04-20T00:00:00.000+0000,1,0,0
23015,1995-09-01T00:00:00.000+0000,1995-10-29T00:00:00.000+0000,2,58,29
23271,1989-07-17T00:00:00.000+0000,2000-10-24T00:00:00.000+0000,6,4117,686.17
24171,2003-06-29T00:00:00.000+0000,2014-07-16T00:00:00.000+0000,16,4035,252.19
24347,1990-11-17T00:00:00.000+0000,2001-12-15T00:00:00.000+0000,29,4046,139.52
24354,1990-12-20T00:00:00.000+0000,2004-10-06T00:00:00.000+0000,6,5039,839.83
24663,2001-07-18T00:00:00.000+0000,2014-06-14T00:00:00.000+0000,10,4714,471.4
26425,1991-03-29T00:00:00.000+0000,2007-05-15T00:00:00.000+0000,19,5891,310.05
26583,2007-03-10T00:00:00.000+0000,2015-07-15T00:00:00.000+0000,17,3049,179.35
27484,1990-12-25T00:00:00.000+0000,1997-10-04T00:00:00.000+0000,2,2475,1237.5
27760,2004-05-01T00:00:00.000+0000,2004-05-01T00:00:00.000+0000,1,0,0
28024,2008-06-09T00:00:00.000+0000,2016-01-07T00:00:00.000+0000,12,2768,230.67
28146,1991-03-05T00:00:00.000+0000,2001-02-08T00:00:00.000+0000,7,3628,518.29
28170,2006-10-28T00:00:00.000+0000,2012-01-29T00:00:00.000+0000,10,1919,191.9
28759,1987-07-14T00:00:00.000+0000,2012-02-05T00:00:00.000+0000,36,8972,249.22
28836,2006-11-12T00:00:00.000+0000,2011-01-31T00:00:00.000+0000,3,1541,513.67
29054,1993-10-05T00:00:00.000+0000,2016-04-21T00:00:00.000+0000,46,8234,179
29194,2009-06-11T00:00:00.000+0000,2010-08-06T00:00:00.000+0000,4,421,105.25
29285,2005-11-03T00:00:00.000+0000,2008-06-04T00:00:00.000+0000,2,944,472
29601,1988-07-27T00:00:00.000+0000,2014-03-04T00:00:00.000+0000,23,9351,406.57
29719,1989-02-07T00:00:00.000+0000,1993-10-08T00:00:00.000+0000,2,1704,852
29814,2001-10-27T00:00:00.000+0000,2016-05-29T00:00:00.000+0000,19,5328,280.42
29894,1999-06-07T00:00:00.000+0000,2013-03-20T00:00:00.000+0000,22,5035,228.86
29993,1987-05-21T00:00:00.000+0000,1991-04-20T00:00:00.000+0000,2,1430,715
30361,1984-07-05T00:00:00.000+0000,1998-03-08T00:00:00.000+0000,6,4994,832.33
30654,1999-02-22T00:00:00.000+0000,1999-02-22T00:00:00.000+0000,1,0,0
30970,2000-10-05T00:00:00.000+0000,2013-07-19T00:00:00.000+0000,18,4670,259.44
31035,1989-12-21T00:00:00.000+0000,1996-02-13T00:00:00.000+0000,8,2245,280.63
31261,1989-11-16T00:00:00.000+0000,2002-06-18T00:00:00.000+0000,11,4597,417.91
31367,2015-07-17T00:00:00.000+0000,2016-03-13T00:00:00.000+0000,5,240,48
31528,2007-08-06T00:00:00.000+0000,2015-03-05T00:00:00.000+0000,7,2768,395.43
31912,1996-05-13T00:00:00.000+0000,2011-08-26T00:00:00.000+0000,48,5583,116.31
31951,2003-03-18T00:00:00.000+0000,2014-03-18T00:00:00.000+0000,28,4018,143.5
31983,1995-02-23T00:00:00.000+0000,2012-10-26T00:00:00.000+0000,47,6455,137.34
32396,2008-05-16T00:00:00.000+0000,2013-03-04T00:00:00.000+0000,6,1753,292.17
32414,2005-01-16T00:00:00.000+0000,2014-11-26T00:00:00.000+0000,29,3601,124.17
243,1989-11-13T00:00:00.000+0000,2005-10-18T00:00:00.000+0000,24,5818,242.42
392,1997-03-01T00:00:00.000+0000,2011-05-28T00:00:00.000+0000,7,5201,743
540,1995-05-01T00:00:00.000+0000,1998-08-08T00:00:00.000+0000,4,1195,298.75
623,2015-01-08T00:00:00.000+0000,2015-01-08T00:00:00.000+0000,1,0,0
858,2007-01-22T00:00:00.000+0000,2009-08-05T00:00:00.000+0000,16,926,57.88
1084,1989-09-21T00:00:00.000+0000,2013-05-01T00:00:00.000+0000,21,8623,410.62
1127,1996-03-21T00:00:00.000+0000,2010-02-15T00:00:00.000+0000,21,5079,241.86
1460,2012-04-17T00:00:00.000+0000,2012-04-17T00:00:00.000+0000,1,0,0
1483,1989-04-07T00:00:00.000+0000,1995-10-14T00:00:00.000+0000,21,2381,113.38
1507,2001-07-11T00:00:00.000+0000,2016-04-08T00:00:00.000+0000,8,5385,673.13
1721,1992-05-13T00:00:00.000+0000,2015-03-10T00:00:00.000+0000,39,8336,213.74
1896,1996-09-12T00:00:00.000+0000,2006-07-12T00:00:00.000+0000,8,3590,448.75
1990,2002-10-23T00:00:00.000+0000,2002-10-23T00:00:00.000+0000,1,0,0
2387,2001-01-26T00:00:00.000+0000,2001-01-26T00:00:00.000+0000,1,0,0
2563,2001-12-01T00:00:00.000+0000,2016-03-26T00:00:00.000+0000,23,5229,227.35
2811,2001-06-17T00:00:00.000+0000,2004-07-10T00:00:00.000+0000,5,1119,223.8
2999,1993-09-30T00:00:00.000+0000,1999-01-26T00:00:00.000+0000,4,1944,486
3179,2000-01-31T00:00:00.000+0000,2013-08-27T00:00:00.000+0000,16,4957,309.81
3226,2003-08-29T00:00:00.000+0000,2013-11-29T00:00:00.000+0000,18,3745,208.06
3698,1989-09-02T00:00:00.000+0000,2000-10-30T00:00:00.000+0000,17,4076,239.76
4158,1986-03-07T00:00:00.000+0000,1991-08-03T00:00:00.000+0000,3,1975,658.33
4161,1998-07-17T00:00:00.000+0000,2006-11-06T00:00:00.000+0000,7,3034,433.43
4219,2008-04-23T00:00:00.000+0000,2009-04-24T00:00:00.000+0000,2,366,183
4929,1991-01-13T00:00:00.000+0000,1992-07-21T00:00:00.000+0000,5,555,111
6393,1991-05-21T00:00:00.000+0000,1999-09-22T00:00:00.000+0000,52,3046,58.58
6623,1999-02-06T00:00:00.000+0000,2012-03-23T00:00:00.000+0000,6,4794,799
6773,1998-01-02T00:00:00.000+0000,2000-05-14T00:00:00.000+0000,6,863,143.83
8803,2015-11-07T00:00:00.000+0000,2015-11-07T00:00:00.000+0000,1,0,0
8928,1991-06-20T00:00:00.000+0000,1997-01-29T00:00:00.000+0000,4,2050,512.5
9182,1991-02-24T00:00:00.000+0000,1997-11-27T00:00:00.000+0000,5,2468,493.6
9564,1990-12-10T00:00:00.000+0000,1997-03-14T00:00:00.000+0000,10,2286,228.6
9879,1982-10-24T00:00:00.000+0000,1995-10-08T00:00:00.000+0000,6,4732,788.67
10081,1990-10-22T00:00:00.000+0000,1993-08-09T00:00:00.000+0000,7,1022,146
10121,1992-07-07T00:00:00.000+0000,2008-10-22T00:00:00.000+0000,10,5951,595.1
10230,1983-01-20T00:00:00.000+0000,1993-03-05T00:00:00.000+0000,4,3697,924.25
10462,1993-08-01T00:00:00.000+0000,2000-03-18T00:00:00.000+0000,5,2421,484.2
10703,1993-01-01T00:00:00.000+0000,2009-08-10T00:00:00.000+0000,6,6065,1010.83
11280,1990-11-02T00:00:00.000+0000,2011-06-13T00:00:00.000+0000,6,7528,1254.67
11500,1991-10-02T00:00:00.000+0000,1991-11-22T00:00:00.000+0000,2,51,25.5
11710,1991-03-17T00:00:00.000+0000,2008-04-16T00:00:00.000+0000,15,6240,416
12006,2015-09-21T00:00:00.000+0000,2015-09-21T00:00:00.000+0000,1,0,0
12626,1991-08-19T00:00:00.000+0000,2007-08-04T00:00:00.000+0000,20,5829,291.45
13261,1990-10-21T00:00:00.000+0000,2008-04-18T00:00:00.000+0000,12,6389,532.42
13622,1991-06-05T00:00:00.000+0000,2008-01-08T00:00:00.000+0000,15,6061,404.07
14465,1989-10-25T00:00:00.000+0000,2010-08-03T00:00:00.000+0000,22,7587,344.86
14514,1983-07-17T00:00:00.000+0000,1983-07-17T00:00:00.000+0000,1,0,0
14536,2000-03-05T00:00:00.000+0000,2003-06-27T00:00:00.000+0000,3,1209,403
14876,1995-10-19T00:00:00.000+0000,2012-04-01T00:00:00.000+0000,6,6009,1001.5
15004,1991-02-08T00:00:00.000+0000,2012-05-16T00:00:00.000+0000,8,7768,971
15100,1997-01-27T00:00:00.000+0000,1997-05-19T00:00:00.000+0000,3,112,37.33
15254,2003-12-07T00:00:00.000+0000,2003-12-07T00:00:00.000+0000,1,0,0
15538,1989-10-02T00:00:00.000+0000,1992-08-26T00:00:00.000+0000,8,1059,132.38
16500,1999-08-14T00:00:00.000+0000,1999-08-14T00:00:00.000+0000,1,0,0
16916,1997-01-26T00:00:00.000+0000,1999-10-25T00:00:00.000+0000,5,1002,200.4
17172,2000-02-22T00:00:00.000+0000,2002-06-08T00:00:00.000+0000,6,837,139.5
17607,2007-07-31T00:00:00.000+0000,2011-11-13T00:00:00.000+0000,2,1566,783
17688,1987-01-15T00:00:00.000+0000,2002-09-05T00:00:00.000+0000,32,5712,178.5
18161,1995-12-03T00:00:00.000+0000,2006-12-19T00:00:00.000+0000,9,4034,448.22
18218,1991-04-03T00:00:00.000+0000,1991-04-03T00:00:00.000+0000,1,0,0
18282,1989-10-08T00:00:00.000+0000,2008-10-29T00:00:00.000+0000,9,6961,773.44
18467,1990-01-03T00:00:00.000+0000,1990-10-31T00:00:00.000+0000,2,301,150.5
18902,1989-04-13T00:00:00.000+0000,2013-07-31T00:00:00.000+0000,28,8875,316.96
19200,1991-03-28T00:00:00.000+0000,2005-02-17T00:00:00.000+0000,11,5075,461.36
19206,2014-10-23T00:00:00.000+0000,2014-10-23T00:00:00.000+0000,1,0,0
19325,2004-01-04T00:00:00.000+0000,2012-03-13T00:00:00.000+0000,11,2991,271.91
19351,1999-07-16T00:00:00.000+0000,2015-12-17T00:00:00.000+0000,14,5998,428.43
19499,2007-02-23T00:00:00.000+0000,2015-12-14T00:00:00.000+0000,10,3216,321.6
19614,2002-06-16T00:00:00.000+0000,2012-09-14T00:00:00.000+0000,7,3743,534.71
19669,1995-05-22T00:00:00.000+0000,2000-01-09T00:00:00.000+0000,4,1693,423.25
19873,1998-04-20T00:00:00.000+0000,1998-04-20T00:00:00.000+0000,1,0,0
19878,1989-12-11T00:00:00.000+0000,2012-03-12T00:00:00.000+0000,19,8127,427.74
19886,1990-11-18T00:00:00.000+0000,1996-10-02T00:00:00.000+0000,4,2145,536.25
20268,1995-10-31T00:00:00.000+0000,2013-09-06T00:00:00.000+0000,10,6520,652
20396,2004-08-24T00:00:00.000+0000,2013-04-26T00:00:00.000+0000,4,3167,791.75
20928,1997-07-25T00:00:00.000+0000,2010-02-04T00:00:00.000+0000,10,4577,457.7
21558,1990-12-18T00:00:00.000+0000,2009-02-06T00:00:00.000+0000,7,6625,946.43
21598,2014-03-18T00:00:00.000+0000,2015-09-25T00:00:00.000+0000,2,556,278
21859,2011-10-28T00:00:00.000+0000,2015-06-29T00:00:00.000+0000,6,1340,223.33
22021,1992-09-25T00:00:00.000+0000,2002-07-31T00:00:00.000+0000,10,3596,359.6
22188,1983-12-31T00:00:00.000+0000,2000-04-10T00:00:00.000+0000,3,5945,1981.67
22970,1984-09-10T00:00:00.000+0000,1995-06-23T00:00:00.000+0000,2,3938,1969
22990,1996-03-11T00:00:00.000+0000,1998-08-06T00:00:00.000+0000,2,878,439
23136,2000-06-22T00:00:00.000+0000,2014-11-14T00:00:00.000+0000,7,5258,751.14
23455,1990-06-13T00:00:00.000+0000,1990-06-13T00:00:00.000+0000,1,0,0
23607,1993-08-12T00:00:00.000+0000,1993-08-12T00:00:00.000+0000,1,0,0
23706,2003-08-01T00:00:00.000+0000,2014-12-24T00:00:00.000+0000,2,4163,2081.5
23709,1988-05-20T00:00:00.000+0000,2011-06-12T00:00:00.000+0000,21,8423,401.1
23727,1993-10-17T00:00:00.000+0000,1993-10-17T00:00:00.000+0000,1,0,0
24355,2000-04-01T00:00:00.000+0000,2005-03-05T00:00:00.000+0000,8,1799,224.88
24873,1995-12-16T00:00:00.000+0000,1995-12-16T00:00:00.000+0000,1,0,0
24985,1993-07-03T00:00:00.000+0000,2003-01-03T00:00:00.000+0000,16,3471,216.94
25227,1989-05-11T00:00:00.000+0000,1995-07-08T00:00:00.000+0000,2,2249,1124.5
26544,1996-08-13T00:00:00.000+0000,1996-08-13T00:00:00.000+0000,1,0,0
26699,1988-12-09T00:00:00.000+0000,1992-12-08T00:00:00.000+0000,7,1460,208.57
26767,2002-05-06T00:00:00.000+0000,2014-10-19T00:00:00.000+0000,23,4549,197.78
26787,1992-06-22T00:00:00.000+0000,1996-08-01T00:00:00.000+0000,5,1501,300.2
26936,1989-07-16T00:00:00.000+0000,1996-01-04T00:00:00.000+0000,3,2363,787.67
27118,1989-02-07T00:00:00.000+0000,1989-02-07T00:00:00.000+0000,1,0,0
27261,1995-04-09T00:00:00.000+0000,2012-08-20T00:00:00.000+0000,30,6343,211.43
27888,2005-02-11T00:00:00.000+0000,2014-06-03T00:00:00.000+0000,18,3399,188.83
28298,1997-02-21T00:00:00.000+0000,2012-05-26T00:00:00.000+0000,11,5573,506.64
28883,1994-10-26T00:00:00.000+0000,2001-08-24T00:00:00.000+0000,4,2494,623.5
29058,1999-08-13T00:00:00.000+0000,2007-04-28T00:00:00.000+0000,14,2815,201.07
29595,1997-07-17T00:00:00.000+0000,2013-05-13T00:00:00.000+0000,13,5779,444.54
29827,1990-10-14T00:00:00.000+0000,2009-11-01T00:00:00.000+0000,33,6958,210.85
29950,1982-12-21T00:00:00.000+0000,2003-02-02T00:00:00.000+0000,6,7348,1224.67
30183,1986-10-13T00:00:00.000+0000,1994-07-19T00:00:00.000+0000,2,2836,1418
31301,2014-08-09T00:00:00.000+0000,2015-06-25T00:00:00.000+0000,2,320,160
31928,1996-06-18T00:00:00.000+0000,2015-05-28T00:00:00.000+0000,26,6918,266.08
32304,2009-09-30T00:00:00.000+0000,2011-08-04T00:00:00.000+0000,5,673,134.6
516,1989-10-11T00:00:00.000+0000,2010-09-13T00:00:00.000+0000,17,7642,449.53
1139,1999-07-26T00:00:00.000+0000,2001-09-20T00:00:00.000+0000,6,787,131.17
1270,2005-04-26T00:00:00.000+0000,2015-05-16T00:00:00.000+0000,14,3672,262.29
1303,1998-10-22T00:00:00.000+0000,2014-08-27T00:00:00.000+0000,25,5788,231.52
1339,1995-03-29T00:00:00.000+0000,1998-08-15T00:00:00.000+0000,7,1235,176.43
1352,2013-09-22T00:00:00.000+0000,2016-03-02T00:00:00.000+0000,9,892,99.11
1650,1990-11-15T00:00:00.000+0000,2016-03-11T00:00:00.000+0000,16,9248,578
2393,1989-09-28T00:00:00.000+0000,2000-10-30T00:00:00.000+0000,6,4050,675
2572,1990-10-28T00:00:00.000+0000,2002-04-09T00:00:00.000+0000,18,4181,232.28
2711,1985-01-14T00:00:00.000+0000,1985-01-14T00:00:00.000+0000,1,0,0
2996,2010-08-02T00:00:00.000+0000,2012-05-29T00:00:00.000+0000,7,666,95.14
3213,1992-11-14T00:00:00.000+0000,1992-11-14T00:00:00.000+0000,1,0,0
3488,1994-01-24T00:00:00.000+0000,2004-07-19T00:00:00.000+0000,27,3829,141.81
3704,1996-09-30T00:00:00.000+0000,2013-07-14T00:00:00.000+0000,10,6131,613.1
3761,1999-04-10T00:00:00.000+0000,2014-08-12T00:00:00.000+0000,71,5603,78.92
4391,1990-09-26T00:00:00.000+0000,2000-08-21T00:00:00.000+0000,3,3617,1205.67
5071,1989-09-02T00:00:00.000+0000,2011-08-18T00:00:00.000+0000,11,8020,729.09
5117,2003-05-04T00:00:00.000+0000,2017-11-07T00:00:00.000+0000,9,5301,589
5173,1990-10-31T00:00:00.000+0000,2015-10-04T00:00:00.000+0000,10,9104,910.4
5287,1991-03-23T00:00:00.000+0000,1991-04-11T00:00:00.000+0000,2,19,9.5
5345,1991-01-24T00:00:00.000+0000,2010-09-16T00:00:00.000+0000,6,7175,1195.83
6266,1994-04-15T00:00:00.000+0000,1996-03-15T00:00:00.000+0000,2,700,350
6482,1996-03-12T00:00:00.000+0000,1996-03-12T00:00:00.000+0000,1,0,0
6559,2002-08-03T00:00:00.000+0000,2015-09-06T00:00:00.000+0000,5,4782,956.4
6622,2009-04-13T00:00:00.000+0000,2009-04-13T00:00:00.000+0000,1,0,0
6825,2000-03-25T00:00:00.000+0000,2015-08-25T00:00:00.000+0000,5,5631,1126.2
7387,2014-02-16T00:00:00.000+0000,2016-04-22T00:00:00.000+0000,6,796,132.67
7850,1990-10-18T00:00:00.000+0000,1993-05-18T00:00:00.000+0000,6,943,157.17
7879,1993-12-17T00:00:00.000+0000,1993-12-17T00:00:00.000+0000,1,0,0
8222,2000-09-09T00:00:00.000+0000,2000-09-09T00:00:00.000+0000,2,0,0
8257,1995-04-14T00:00:00.000+0000,2015-10-16T00:00:00.000+0000,67,7490,111.79
8407,2001-06-07T00:00:00.000+0000,2015-12-09T00:00:00.000+0000,9,5298,588.67
8924,2000-12-01T00:00:00.000+0000,2006-07-18T00:00:00.000+0000,10,2055,205.5
9162,1989-12-13T00:00:00.000+0000,1989-12-13T00:00:00.000+0000,1,0,0
9454,1994-10-22T00:00:00.000+0000,2010-12-13T00:00:00.000+0000,39,5896,151.18
9517,1996-11-25T00:00:00.000+0000,2008-01-23T00:00:00.000+0000,25,4076,163.04
9558,2001-05-24T00:00:00.000+0000,2002-08-24T00:00:00.000+0000,2,457,228.5
10708,1989-12-06T00:00:00.000+0000,2004-12-23T00:00:00.000+0000,3,5496,1832
10798,1985-10-14T00:00:00.000+0000,2004-01-07T00:00:00.000+0000,15,6659,443.93
10862,1987-09-18T00:00:00.000+0000,1997-08-27T00:00:00.000+0000,9,3631,403.44
11025,2015-09-02T00:00:00.000+0000,2015-09-02T00:00:00.000+0000,1,0,0
11393,1991-03-26T00:00:00.000+0000,1997-11-09T00:00:00.000+0000,3,2420,806.67
11639,1994-01-04T00:00:00.000+0000,1994-11-01T00:00:00.000+0000,3,301,100.33
11800,1990-03-18T00:00:00.000+0000,2000-03-13T00:00:00.000+0000,5,3648,729.6
11936,1998-07-23T00:00:00.000+0000,2014-08-09T00:00:00.000+0000,23,5861,254.83
12139,1990-10-23T00:00:00.000+0000,2004-10-05T00:00:00.000+0000,18,5096,283.11
12393,1989-12-20T00:00:00.000+0000,1989-12-20T00:00:00.000+0000,1,0,0
12998,1995-04-15T00:00:00.000+0000,2009-04-13T00:00:00.000+0000,17,5112,300.71
13060,1991-12-07T00:00:00.000+0000,2009-01-02T00:00:00.000+0000,8,6236,779.5
13207,1991-12-09T00:00:00.000+0000,2014-01-11T00:00:00.000+0000,19,8069,424.68
13483,1991-09-11T00:00:00.000+0000,1994-11-28T00:00:00.000+0000,20,1174,58.7
13648,2000-02-15T00:00:00.000+0000,2008-02-16T00:00:00.000+0000,8,2923,365.38
13875,1997-06-24T00:00:00.000+0000,1997-06-24T00:00:00.000+0000,1,0,0
13910,2002-08-21T00:00:00.000+0000,2012-07-05T00:00:00.000+0000,3,3606,1202
14289,1987-06-23T00:00:00.000+0000,2012-08-25T00:00:00.000+0000,3,9195,3065
14837,2015-08-08T00:00:00.000+0000,2016-04-29T00:00:00.000+0000,2,265,132.5
14997,1994-12-26T00:00:00.000+0000,1995-07-08T00:00:00.000+0000,2,194,97
15162,1991-02-06T00:00:00.000+0000,2000-04-03T00:00:00.000+0000,6,3344,557.33
15173,1996-09-14T00:00:00.000+0000,1999-04-24T00:00:00.000+0000,4,952,238
15207,1984-09-05T00:00:00.000+0000,1984-09-05T00:00:00.000+0000,1,0,0
15296,2008-06-10T00:00:00.000+0000,2011-12-21T00:00:00.000+0000,4,1289,322.25
15655,1986-03-06T00:00:00.000+0000,2001-05-24T00:00:00.000+0000,8,5558,694.75
15738,1997-04-08T00:00:00.000+0000,2008-03-25T00:00:00.000+0000,3,4004,1334.67
16534,1998-07-14T00:00:00.000+0000,2007-04-04T00:00:00.000+0000,5,3186,637.2
16680,1986-08-14T00:00:00.000+0000,2004-05-26T00:00:00.000+0000,48,6495,135.31
16791,1991-08-26T00:00:00.000+0000,2014-06-16T00:00:00.000+0000,14,8330,595
17028,1993-04-16T00:00:00.000+0000,1993-04-16T00:00:00.000+0000,1,0,0
17044,1990-10-04T00:00:00.000+0000,2007-05-05T00:00:00.000+0000,12,6057,504.75
17077,2009-04-05T00:00:00.000+0000,2016-01-17T00:00:00.000+0000,15,2478,165.2
17751,1989-09-21T00:00:00.000+0000,1996-04-27T00:00:00.000+0000,8,2410,301.25
17754,1994-02-04T00:00:00.000+0000,1994-02-04T00:00:00.000+0000,2,0,0
17775,1989-09-13T00:00:00.000+0000,2008-04-11T00:00:00.000+0000,11,6785,616.82
17783,1992-06-14T00:00:00.000+0000,2013-11-25T00:00:00.000+0000,24,7834,326.42
18382,1987-08-22T00:00:00.000+0000,1999-01-12T00:00:00.000+0000,27,4161,154.11
18503,1995-06-06T00:00:00.000+0000,1995-06-06T00:00:00.000+0000,1,0,0
19023,1989-10-06T00:00:00.000+0000,2003-12-14T00:00:00.000+0000,11,5182,471.09
19131,1992-10-08T00:00:00.000+0000,2012-08-02T00:00:00.000+0000,30,7238,241.27
19413,1992-10-15T00:00:00.000+0000,2003-09-08T00:00:00.000+0000,24,3980,165.83
19683,1986-11-14T00:00:00.000+0000,1986-11-14T00:00:00.000+0000,1,0,0
19868,2013-11-02T00:00:00.000+0000,2013-11-02T00:00:00.000+0000,1,0,0
21058,1984-04-18T00:00:00.000+0000,2009-07-07T00:00:00.000+0000,6,9211,1535.17
21121,2001-04-22T00:00:00.000+0000,2015-03-15T00:00:00.000+0000,27,5075,187.96
21633,2006-05-01T00:00:00.000+0000,2015-10-16T00:00:00.000+0000,11,3455,314.09
22951,1989-08-30T00:00:00.000+0000,2005-12-01T00:00:00.000+0000,30,5937,197.9
23144,2001-09-07T00:00:00.000+0000,2013-09-04T00:00:00.000+0000,8,4380,547.5
23868,1981-07-29T00:00:00.000+0000,1981-07-29T00:00:00.000+0000,1,0,0
24078,1999-09-30T00:00:00.000+0000,2015-09-04T00:00:00.000+0000,4,5818,1454.5
24504,2002-11-05T00:00:00.000+0000,2014-09-17T00:00:00.000+0000,10,4334,433.4
24719,1989-09-23T00:00:00.000+0000,2014-11-06T00:00:00.000+0000,12,9175,764.58
24747,1988-11-28T00:00:00.000+0000,1995-11-29T00:00:00.000+0000,16,2557,159.81
25106,1989-10-08T00:00:00.000+0000,1993-07-14T00:00:00.000+0000,3,1375,458.33
25203,2011-03-13T00:00:00.000+0000,2015-11-27T00:00:00.000+0000,8,1720,215
25638,1991-09-04T00:00:00.000+0000,2007-06-11T00:00:00.000+0000,20,5759,287.95
26111,1992-07-08T00:00:00.000+0000,1996-10-03T00:00:00.000+0000,2,1548,774
26128,1991-06-04T00:00:00.000+0000,1992-07-21T00:00:00.000+0000,9,413,45.89
26619,1982-12-21T00:00:00.000+0000,1982-12-21T00:00:00.000+0000,1,0,0
27214,1989-09-16T00:00:00.000+0000,2004-03-22T00:00:00.000+0000,48,5301,110.44
27266,2003-01-30T00:00:00.000+0000,2014-06-12T00:00:00.000+0000,8,4151,518.88
27471,1986-03-18T00:00:00.000+0000,1986-03-18T00:00:00.000+0000,1,0,0
28581,1996-03-27T00:00:00.000+0000,2012-08-21T00:00:00.000+0000,30,5991,199.7
28871,2002-08-02T00:00:00.000+0000,2015-07-24T00:00:00.000+0000,34,4739,139.38
29109,1989-10-14T00:00:00.000+0000,1997-05-20T00:00:00.000+0000,5,2775,555
29177,1991-05-24T00:00:00.000+0000,1992-04-10T00:00:00.000+0000,2,322,161
29942,1999-02-03T00:00:00.000+0000,2013-07-09T00:00:00.000+0000,27,5270,195.19
30330,2006-09-17T00:00:00.000+0000,2013-08-05T00:00:00.000+0000,4,2514,628.5
30525,2007-07-20T00:00:00.000+0000,2014-04-15T00:00:00.000+0000,10,2461,246.1
31350,2015-11-15T00:00:00.000+0000,2015-11-15T00:00:00.000+0000,1,0,0
31435,1991-12-28T00:00:00.000+0000,2003-06-03T00:00:00.000+0000,3,4175,1391.67
31834,1989-09-04T00:00:00.000+0000,2012-09-18T00:00:00.000+0000,56,8415,150.27
137,1984-06-29T00:00:00.000+0000,1992-04-08T00:00:00.000+0000,6,2840,473.33
251,2011-06-14T00:00:00.000+0000,2011-06-14T00:00:00.000+0000,1,0,0
451,2008-05-19T00:00:00.000+0000,2016-01-02T00:00:00.000+0000,15,2784,185.6
580,1993-06-08T00:00:00.000+0000,2003-06-05T00:00:00.000+0000,2,3649,1824.5
808,2002-02-02T00:00:00.000+0000,2014-12-01T00:00:00.000+0000,9,4685,520.56
1265,1999-06-02T00:00:00.000+0000,2009-10-12T00:00:00.000+0000,17,3785,222.65
1884,2003-11-10T00:00:00.000+0000,2014-07-30T00:00:00.000+0000,13,3915,301.15
1975,1998-06-16T00:00:00.000+0000,1998-06-16T00:00:00.000+0000,1,0,0
2025,1992-06-14T00:00:00.000+0000,1992-06-14T00:00:00.000+0000,1,0,0
2231,2017-08-10T00:00:00.000+0000,2017-08-10T00:00:00.000+0000,1,0,0
2259,1991-05-11T00:00:00.000+0000,2014-07-21T00:00:00.000+0000,32,8472,264.75
2443,1983-11-02T00:00:00.000+0000,1996-04-10T00:00:00.000+0000,3,4543,1514.33
2525,1999-10-22T00:00:00.000+0000,1999-10-22T00:00:00.000+0000,1,0,0
2721,1997-02-10T00:00:00.000+0000,2010-08-25T00:00:00.000+0000,15,4944,329.6
3089,1970-10-14T00:00:00.000+0000,1998-09-01T00:00:00.000+0000,18,10184,565.78
3098,1986-10-10T00:00:00.000+0000,1994-04-15T00:00:00.000+0000,2,2744,1372
3220,1989-09-01T00:00:00.000+0000,2005-11-28T00:00:00.000+0000,26,5932,228.15
3876,2001-04-14T00:00:00.000+0000,2015-06-08T00:00:00.000+0000,22,5168,234.91
3986,2005-08-14T00:00:00.000+0000,2016-05-12T00:00:00.000+0000,34,3924,115.41
4042,2001-05-04T00:00:00.000+0000,2008-10-24T00:00:00.000+0000,2,2730,1365
4078,2009-09-21T00:00:00.000+0000,2015-12-26T00:00:00.000+0000,23,2287,99.43
4186,2015-03-23T00:00:00.000+0000,2016-03-09T00:00:00.000+0000,2,352,176
4239,2007-08-10T00:00:00.000+0000,2014-12-11T00:00:00.000+0000,12,2680,223.33
4364,1995-04-21T00:00:00.000+0000,1997-04-01T00:00:00.000+0000,7,711,101.57
4684,1987-07-09T00:00:00.000+0000,1998-09-21T00:00:00.000+0000,6,4092,682
4937,1995-06-21T00:00:00.000+0000,2014-12-08T00:00:00.000+0000,7,7110,1015.71
5223,1989-10-11T00:00:00.000+0000,1999-04-16T00:00:00.000+0000,8,3474,434.25
5482,1988-05-18T00:00:00.000+0000,1997-02-25T00:00:00.000+0000,8,3205,400.63
6361,1996-11-02T00:00:00.000+0000,2007-09-10T00:00:00.000+0000,15,3964,264.27
6597,2015-12-05T00:00:00.000+0000,2015-12-05T00:00:00.000+0000,1,0,0
6598,2001-02-26T00:00:00.000+0000,2007-06-15T00:00:00.000+0000,37,2300,62.16
7098,1999-05-02T00:00:00.000+0000,2014-11-06T00:00:00.000+0000,13,5667,435.92
7644,1991-01-02T00:00:00.000+0000,1991-01-02T00:00:00.000+0000,1,0,0
8109,2001-07-07T00:00:00.000+0000,2010-08-18T00:00:00.000+0000,12,3329,277.42
8650,1990-12-28T00:00:00.000+0000,2008-11-07T00:00:00.000+0000,12,6524,543.67
8911,1994-07-19T00:00:00.000+0000,2013-07-22T00:00:00.000+0000,38,6943,182.71
9169,2007-05-24T00:00:00.000+0000,2009-06-16T00:00:00.000+0000,2,754,377
10468,2014-06-23T00:00:00.000+0000,2015-08-16T00:00:00.000+0000,5,419,83.8
10768,1988-02-12T00:00:00.000+0000,1998-01-23T00:00:00.000+0000,4,3633,908.25
11146,1994-06-19T00:00:00.000+0000,2006-09-12T00:00:00.000+0000,7,4468,638.29
11713,1999-08-17T00:00:00.000+0000,2015-09-06T00:00:00.000+0000,56,5864,104.71
12292,2006-09-26T00:00:00.000+0000,2015-07-10T00:00:00.000+0000,5,3209,641.8
12366,1991-02-23T00:00:00.000+0000,1995-10-26T00:00:00.000+0000,4,1706,426.5
13188,1991-09-14T00:00:00.000+0000,1998-07-09T00:00:00.000+0000,4,2490,622.5
13916,1990-10-27T00:00:00.000+0000,2001-08-12T00:00:00.000+0000,7,3942,563.14
14315,1989-11-11T00:00:00.000+0000,2011-02-12T00:00:00.000+0000,22,7763,352.86
14809,1986-08-09T00:00:00.000+0000,2010-05-08T00:00:00.000+0000,14,8673,619.5
14958,1991-04-28T00:00:00.000+0000,1998-09-18T00:00:00.000+0000,14,2700,192.86
15382,1999-03-24T00:00:00.000+0000,2013-07-15T00:00:00.000+0000,7,5227,746.71
15604,1997-03-07T00:00:00.000+0000,2012-09-18T00:00:00.000+0000,8,5674,709.25
16224,2001-02-04T00:00:00.000+0000,2012-10-30T00:00:00.000+0000,2,4286,2143
16828,1989-10-06T00:00:00.000+0000,2002-10-04T00:00:00.000+0000,8,4746,593.25
17223,2013-05-31T00:00:00.000+0000,2014-10-28T00:00:00.000+0000,3,515,171.67
17437,1986-02-16T00:00:00.000+0000,1999-03-18T00:00:00.000+0000,7,4778,682.57
18043,1987-08-22T00:00:00.000+0000,2012-10-02T00:00:00.000+0000,67,9173,136.91
18539,2002-09-23T00:00:00.000+0000,2016-05-10T00:00:00.000+0000,10,4978,497.8
18746,1994-05-11T00:00:00.000+0000,2009-08-09T00:00:00.000+0000,29,5569,192.03
18759,1989-09-14T00:00:00.000+0000,2013-05-27T00:00:00.000+0000,13,8656,665.85
18828,2004-05-11T00:00:00.000+0000,2014-05-11T00:00:00.000+0000,23,3652,158.78
18838,2017-12-07T00:00:00.000+0000,2017-12-07T00:00:00.000+0000,1,0,0
18884,1995-04-15T00:00:00.000+0000,2013-04-29T00:00:00.000+0000,6,6589,1098.17
19021,2008-07-17T00:00:00.000+0000,2013-11-25T00:00:00.000+0000,6,1957,326.17
19161,2007-12-12T00:00:00.000+0000,2015-04-29T00:00:00.000+0000,5,2695,539
19165,1990-03-18T00:00:00.000+0000,1992-05-11T00:00:00.000+0000,3,785,261.67
19729,1998-02-01T00:00:00.000+0000,1998-02-01T00:00:00.000+0000,1,0,0
20481,2004-06-01T00:00:00.000+0000,2014-07-11T00:00:00.000+0000,20,3692,184.6
20624,2002-10-07T00:00:00.000+0000,2002-12-16T00:00:00.000+0000,2,70,35
21296,1993-07-05T00:00:00.000+0000,2010-04-03T00:00:00.000+0000,12,6116,509.67
21394,1989-12-08T00:00:00.000+0000,1989-12-08T00:00:00.000+0000,1,0,0
21412,1989-12-02T00:00:00.000+0000,1995-05-04T00:00:00.000+0000,11,1979,179.91
21761,1994-02-25T00:00:00.000+0000,1994-05-09T00:00:00.000+0000,2,73,36.5
21938,1996-04-10T00:00:00.000+0000,2011-12-12T00:00:00.000+0000,22,5724,260.18
22107,1994-09-21T00:00:00.000+0000,2004-08-20T00:00:00.000+0000,4,3621,905.25
22185,1989-09-21T00:00:00.000+0000,1992-07-24T00:00:00.000+0000,9,1037,115.22
22225,1997-03-25T00:00:00.000+0000,2007-09-26T00:00:00.000+0000,6,3837,639.5
22965,1988-09-15T00:00:00.000+0000,1988-09-15T00:00:00.000+0000,1,0,0
23123,1991-04-24T00:00:00.000+0000,1995-07-02T00:00:00.000+0000,7,1530,218.57
23267,1997-07-17T00:00:00.000+0000,2002-10-09T00:00:00.000+0000,9,1910,212.22
23439,1997-08-24T00:00:00.000+0000,2001-09-10T00:00:00.000+0000,7,1478,211.14
23658,1991-07-08T00:00:00.000+0000,2001-09-29T00:00:00.000+0000,5,3736,747.2
24200,1987-03-12T00:00:00.000+0000,2001-06-02T00:00:00.000+0000,8,5196,649.5
24690,1993-05-30T00:00:00.000+0000,2001-06-04T00:00:00.000+0000,5,2927,585.4
25639,1997-04-29T00:00:00.000+0000,2002-08-06T00:00:00.000+0000,4,1925,481.25
26375,1992-09-15T00:00:00.000+0000,2004-11-05T00:00:00.000+0000,7,4434,633.43
26736,1987-07-09T00:00:00.000+0000,1987-07-09T00:00:00.000+0000,1,0,0
27030,1999-07-03T00:00:00.000+0000,2000-09-17T00:00:00.000+0000,3,442,147.33
27255,1987-10-31T00:00:00.000+0000,1989-11-08T00:00:00.000+0000,2,739,369.5
27466,1997-08-24T00:00:00.000+0000,1997-08-24T00:00:00.000+0000,1,0,0
27480,1996-11-02T00:00:00.000+0000,2013-10-13T00:00:00.000+0000,16,6189,386.81
27602,1989-12-15T00:00:00.000+0000,2002-06-25T00:00:00.000+0000,35,4575,130.71
27609,2003-02-28T00:00:00.000+0000,2010-09-08T00:00:00.000+0000,5,2749,549.8
27733,1996-10-22T00:00:00.000+0000,2016-05-26T00:00:00.000+0000,19,7156,376.63
27977,1993-10-09T00:00:00.000+0000,1999-01-04T00:00:00.000+0000,11,1913,173.91
28893,1991-08-12T00:00:00.000+0000,2001-06-19T00:00:00.000+0000,2,3599,1799.5
29225,1993-09-18T00:00:00.000+0000,2011-12-14T00:00:00.000+0000,27,6661,246.7
29483,2004-12-03T00:00:00.000+0000,2009-01-09T00:00:00.000+0000,9,1498,166.44
29566,2015-04-14T00:00:00.000+0000,2015-07-18T00:00:00.000+0000,3,95,31.67
29811,1998-06-10T00:00:00.000+0000,2010-04-20T00:00:00.000+0000,15,4332,288.8
29997,1990-10-12T00:00:00.000+0000,1993-08-18T00:00:00.000+0000,3,1041,347
30632,1990-10-12T00:00:00.000+0000,2001-02-09T00:00:00.000+0000,4,3773,943.25
30802,2006-05-11T00:00:00.000+0000,2016-03-02T00:00:00.000+0000,11,3583,325.73
31076,2003-03-09T00:00:00.000+0000,2015-06-23T00:00:00.000+0000,3,4489,1496.33
31275,1990-12-13T00:00:00.000+0000,2005-01-25T00:00:00.000+0000,22,5157,234.41
31290,1998-11-15T00:00:00.000+0000,2014-08-25T00:00:00.000+0000,26,5762,221.62
31380,2007-03-07T00:00:00.000+0000,2016-09-04T00:00:00.000+0000,13,3469,266.85
31447,1992-02-08T00:00:00.000+0000,1994-07-09T00:00:00.000+0000,4,882,220.5
31543,2011-05-19T00:00:00.000+0000,2011-05-19T00:00:00.000+0000,1,0,0
31759,2015-11-27T00:00:00.000+0000,2015-11-27T00:00:00.000+0000,1,0,0
31872,2004-05-25T00:00:00.000+0000,2015-06-03T00:00:00.000+0000,47,4026,85.66
31988,1991-12-16T00:00:00.000+0000,2004-11-18T00:00:00.000+0000,12,4721,393.42
32016,2001-05-13T00:00:00.000+0000,2014-09-05T00:00:00.000+0000,58,4863,83.84
32102,1995-05-20T00:00:00.000+0000,2004-08-28T00:00:00.000+0000,9,3388,376.44
32291,2006-08-25T00:00:00.000+0000,2014-11-19T00:00:00.000+0000,20,3008,150.4
32554,1992-07-20T00:00:00.000+0000,1992-07-20T00:00:00.000+0000,1,0,0
65,1997-11-09T00:00:00.000+0000,2015-04-22T00:00:00.000+0000,31,6373,205.58
879,2004-06-26T00:00:00.000+0000,2015-08-09T00:00:00.000+0000,6,4061,676.83
883,2010-03-20T00:00:00.000+0000,2014-04-09T00:00:00.000+0000,7,1481,211.57
1977,1989-11-29T00:00:00.000+0000,2007-03-27T00:00:00.000+0000,9,6327,703
2096,1989-10-06T00:00:00.000+0000,2005-01-10T00:00:00.000+0000,87,5575,64.08
2392,1989-10-10T00:00:00.000+0000,2015-11-20T00:00:00.000+0000,13,9537,733.62
2622,1984-06-13T00:00:00.000+0000,1997-02-28T00:00:00.000+0000,48,4643,96.73
2655,1993-01-09T00:00:00.000+0000,1999-01-17T00:00:00.000+0000,2,2199,1099.5
2833,2015-11-05T00:00:00.000+0000,2016-05-06T00:00:00.000+0000,2,183,91.5
2924,1993-05-07T00:00:00.000+0000,1995-07-05T00:00:00.000+0000,2,789,394.5
3377,2015-01-27T00:00:00.000+0000,2016-01-26T00:00:00.000+0000,3,364,121.33
3425,2001-04-13T00:00:00.000+0000,2015-06-28T00:00:00.000+0000,16,5189,324.31
3561,1989-12-17T00:00:00.000+0000,1997-04-02T00:00:00.000+0000,8,2663,332.88
3566,2004-02-27T00:00:00.000+0000,2015-09-07T00:00:00.000+0000,14,4210,300.71
3834,1987-04-11T00:00:00.000+0000,1995-02-12T00:00:00.000+0000,3,2864,954.67
3913,1984-04-24T00:00:00.000+0000,2004-03-18T00:00:00.000+0000,4,7268,1817
4000,1997-09-11T00:00:00.000+0000,2012-10-16T00:00:00.000+0000,19,5514,290.21
4294,1986-05-07T00:00:00.000+0000,2014-07-16T00:00:00.000+0000,44,10297,234.02
4307,1988-05-22T00:00:00.000+0000,1989-08-22T00:00:00.000+0000,2,457,228.5
4383,2015-10-26T00:00:00.000+0000,2015-12-06T00:00:00.000+0000,2,41,20.5
5157,1985-04-14T00:00:00.000+0000,1985-04-14T00:00:00.000+0000,1,0,0
5217,1991-08-22T00:00:00.000+0000,1995-04-13T00:00:00.000+0000,2,1330,665
5513,1987-07-06T00:00:00.000+0000,1997-02-08T00:00:00.000+0000,5,3505,701
5682,2001-11-28T00:00:00.000+0000,2015-07-29T00:00:00.000+0000,14,4991,356.5
5695,1989-12-24T00:00:00.000+0000,1992-08-28T00:00:00.000+0000,7,978,139.71
5740,1989-07-04T00:00:00.000+0000,1994-01-20T00:00:00.000+0000,2,1661,830.5
6154,1993-04-06T00:00:00.000+0000,1995-01-26T00:00:00.000+0000,4,660,165
6301,1991-12-29T00:00:00.000+0000,2013-07-31T00:00:00.000+0000,23,7885,342.83
6500,1988-04-03T00:00:00.000+0000,2001-10-30T00:00:00.000+0000,4,4958,1239.5
6934,2001-06-11T00:00:00.000+0000,2011-06-11T00:00:00.000+0000,8,3652,456.5
6962,2007-12-10T00:00:00.000+0000,2008-10-28T00:00:00.000+0000,3,323,107.67
7333,2008-06-08T00:00:00.000+0000,2016-01-24T00:00:00.000+0000,5,2786,557.2
8211,2007-10-16T00:00:00.000+0000,2007-10-16T00:00:00.000+0000,1,0,0
8501,2007-04-10T00:00:00.000+0000,2015-05-16T00:00:00.000+0000,7,2958,422.57
8665,1983-05-23T00:00:00.000+0000,1991-02-16T00:00:00.000+0000,3,2826,942
8716,2016-02-18T00:00:00.000+0000,2016-02-18T00:00:00.000+0000,1,0,0
9206,1995-01-01T00:00:00.000+0000,2011-10-15T00:00:00.000+0000,8,6131,766.38
9597,2014-08-09T00:00:00.000+0000,2016-06-28T00:00:00.000+0000,8,689,86.13
9647,1994-06-03T00:00:00.000+0000,2004-05-01T00:00:00.000+0000,17,3620,212.94
9775,1990-12-14T00:00:00.000+0000,2014-01-21T00:00:00.000+0000,7,8439,1205.57
10032,1986-01-05T00:00:00.000+0000,1986-01-05T00:00:00.000+0000,1,0,0
10527,1989-11-12T00:00:00.000+0000,2006-03-10T00:00:00.000+0000,19,5962,313.79
10567,2016-03-18T00:00:00.000+0000,2016-03-18T00:00:00.000+0000,1,0,0
10632,2008-01-17T00:00:00.000+0000,2014-05-02T00:00:00.000+0000,10,2297,229.7
10815,2015-05-13T00:00:00.000+0000,2015-05-13T00:00:00.000+0000,1,0,0
10840,1988-02-07T00:00:00.000+0000,1994-02-18T00:00:00.000+0000,4,2203,550.75
11352,2006-12-03T00:00:00.000+0000,2015-07-04T00:00:00.000+0000,12,3135,261.25
11520,1993-02-03T00:00:00.000+0000,2014-07-19T00:00:00.000+0000,31,7836,252.77
11745,1987-01-24T00:00:00.000+0000,1997-06-05T00:00:00.000+0000,3,3785,1261.67
11928,1992-03-30T00:00:00.000+0000,2009-01-12T00:00:00.000+0000,20,6132,306.6
12210,1995-05-27T00:00:00.000+0000,2012-08-01T00:00:00.000+0000,8,6276,784.5
12249,1989-10-05T00:00:00.000+0000,2006-02-13T00:00:00.000+0000,15,5975,398.33
12284,1989-09-22T00:00:00.000+0000,2010-05-27T00:00:00.000+0000,17,7552,444.24
12322,1990-11-09T00:00:00.000+0000,1996-12-11T00:00:00.000+0000,7,2224,317.71
12607,2001-02-27T00:00:00.000+0000,2007-06-17T00:00:00.000+0000,3,2301,767
13225,1995-03-15T00:00:00.000+0000,2015-06-17T00:00:00.000+0000,5,7399,1479.8
13398,2000-12-06T00:00:00.000+0000,2003-10-27T00:00:00.000+0000,3,1055,351.67
13504,1995-05-08T00:00:00.000+0000,2009-02-09T00:00:00.000+0000,7,5026,718
13765,1989-10-06T00:00:00.000+0000,2001-04-14T00:00:00.000+0000,32,4208,131.5
13795,1982-11-23T00:00:00.000+0000,2006-03-20T00:00:00.000+0000,20,8518,425.9
13923,1991-02-25T00:00:00.000+0000,2004-04-20T00:00:00.000+0000,19,4803,252.79
14660,1991-07-27T00:00:00.000+0000,2003-07-31T00:00:00.000+0000,17,4387,258.06
14713,1998-10-14T00:00:00.000+0000,1998-10-14T00:00:00.000+0000,1,0,0
14752,1995-03-25T00:00:00.000+0000,2007-04-19T00:00:00.000+0000,10,4408,440.8
14770,1996-06-01T00:00:00.000+0000,1996-06-01T00:00:00.000+0000,1,0,0
14779,1994-08-06T00:00:00.000+0000,1996-07-01T00:00:00.000+0000,4,695,173.75
14944,2000-09-08T00:00:00.000+0000,2000-09-08T00:00:00.000+0000,2,0,0
15429,1985-12-22T00:00:00.000+0000,1997-09-07T00:00:00.000+0000,3,4277,1425.67
15960,2001-05-09T00:00:00.000+0000,2015-01-10T00:00:00.000+0000,14,4994,356.71
16094,1992-01-14T00:00:00.000+0000,2005-11-13T00:00:00.000+0000,16,5052,315.75
16117,1988-05-22T00:00:00.000+0000,1996-09-22T00:00:00.000+0000,7,3045,435
16232,1987-09-18T00:00:00.000+0000,2009-01-11T00:00:00.000+0000,8,7786,973.25
16706,1995-08-05T00:00:00.000+0000,1995-08-05T00:00:00.000+0000,1,0,0
16999,1990-12-01T00:00:00.000+0000,2009-08-19T00:00:00.000+0000,37,6836,184.76
17113,1991-04-16T00:00:00.000+0000,1995-12-03T00:00:00.000+0000,4,1692,423
17154,1995-03-28T00:00:00.000+0000,1995-03-28T00:00:00.000+0000,1,0,0
17190,1992-12-23T00:00:00.000+0000,2011-10-06T00:00:00.000+0000,7,6861,980.14
17836,1994-12-02T00:00:00.000+0000,2002-02-04T00:00:00.000+0000,19,2621,137.95
17950,1996-09-22T00:00:00.000+0000,1997-10-28T00:00:00.000+0000,2,401,200.5
18328,1985-03-26T00:00:00.000+0000,1994-05-17T00:00:00.000+0000,2,3339,1669.5
18334,1990-10-15T00:00:00.000+0000,2004-05-25T00:00:00.000+0000,14,4971,355.07
18529,2013-11-28T00:00:00.000+0000,2016-02-18T00:00:00.000+0000,4,812,203
18614,2000-08-29T00:00:00.000+0000,2016-02-25T00:00:00.000+0000,18,5658,314.33
18825,2002-05-19T00:00:00.000+0000,2014-03-04T00:00:00.000+0000,7,4307,615.29
19149,1992-10-14T00:00:00.000+0000,2010-10-28T00:00:00.000+0000,15,6588,439.2
19317,2016-05-29T00:00:00.000+0000,2016-05-29T00:00:00.000+0000,1,0,0
19396,2003-07-14T00:00:00.000+0000,2014-09-04T00:00:00.000+0000,14,4070,290.71
19531,2017-10-19T00:00:00.000+0000,2017-10-19T00:00:00.000+0000,1,0,0
20388,1989-09-24T00:00:00.000+0000,2014-08-13T00:00:00.000+0000,21,9089,432.81
20485,1985-01-07T00:00:00.000+0000,1985-01-07T00:00:00.000+0000,1,0,0
20719,1991-02-09T00:00:00.000+0000,2001-05-17T00:00:00.000+0000,20,3750,187.5
21035,1984-11-20T00:00:00.000+0000,1997-10-30T00:00:00.000+0000,30,4727,157.57
21151,2006-05-16T00:00:00.000+0000,2013-06-18T00:00:00.000+0000,10,2590,259
21389,1993-07-19T00:00:00.000+0000,2011-10-20T00:00:00.000+0000,24,6667,277.79
21675,1993-08-04T00:00:00.000+0000,1997-06-05T00:00:00.000+0000,7,1401,200.14
21769,1994-08-17T00:00:00.000+0000,1994-08-17T00:00:00.000+0000,1,0,0
21978,2005-07-19T00:00:00.000+0000,2005-07-19T00:00:00.000+0000,1,0,0
22064,2002-06-23T00:00:00.000+0000,2015-05-03T00:00:00.000+0000,15,4697,313.13
22215,1989-11-15T00:00:00.000+0000,2007-09-30T00:00:00.000+0000,15,6528,435.2
22652,2003-05-13T00:00:00.000+0000,2006-03-21T00:00:00.000+0000,2,1043,521.5
23362,1989-09-26T00:00:00.000+0000,2011-12-27T00:00:00.000+0000,28,8127,290.25
24254,2001-12-05T00:00:00.000+0000,2013-11-01T00:00:00.000+0000,10,4349,434.9
24258,2003-07-13T00:00:00.000+0000,2003-07-13T00:00:00.000+0000,1,0,0
24578,1995-05-13T00:00:00.000+0000,2001-08-17T00:00:00.000+0000,9,2288,254.22
24612,1994-10-28T00:00:00.000+0000,2015-04-19T00:00:00.000+0000,30,7478,249.27
24890,1993-12-02T00:00:00.000+0000,2015-07-04T00:00:00.000+0000,8,7884,985.5
25520,1991-01-25T00:00:00.000+0000,1991-01-25T00:00:00.000+0000,1,0,0
25742,1998-10-06T00:00:00.000+0000,1998-10-06T00:00:00.000+0000,1,0,0
26015,1994-08-23T00:00:00.000+0000,1996-09-20T00:00:00.000+0000,4,759,189.75
26490,2015-07-25T00:00:00.000+0000,2015-07-25T00:00:00.000+0000,1,0,0
26965,1994-12-12T00:00:00.000+0000,2004-05-03T00:00:00.000+0000,7,3430,490
27361,1991-07-24T00:00:00.000+0000,1991-07-24T00:00:00.000+0000,1,0,0
27633,1986-03-14T00:00:00.000+0000,1996-12-13T00:00:00.000+0000,9,3927,436.33
27683,1992-09-02T00:00:00.000+0000,2000-10-24T00:00:00.000+0000,4,2974,743.5
27708,1995-08-10T00:00:00.000+0000,2009-11-14T00:00:00.000+0000,2,5210,2605
27803,1991-02-10T00:00:00.000+0000,2002-08-15T00:00:00.000+0000,18,4204,233.56
27978,2000-07-08T00:00:00.000+0000,2010-11-02T00:00:00.000+0000,19,3769,198.37
28331,1989-11-21T00:00:00.000+0000,1989-11-21T00:00:00.000+0000,1,0,0
28343,1997-01-27T00:00:00.000+0000,2003-03-09T00:00:00.000+0000,7,2232,318.86
28505,1981-11-22T00:00:00.000+0000,1982-01-01T00:00:00.000+0000,2,40,20
28604,1992-01-22T00:00:00.000+0000,2000-06-09T00:00:00.000+0000,12,3061,255.08
29061,1996-01-23T00:00:00.000+0000,1996-01-23T00:00:00.000+0000,1,0,0
29453,2008-03-02T00:00:00.000+0000,2014-07-20T00:00:00.000+0000,3,2331,777
29714,2000-07-17T00:00:00.000+0000,2013-12-13T00:00:00.000+0000,13,4897,376.69
30320,1985-12-31T00:00:00.000+0000,2011-03-30T00:00:00.000+0000,23,9220,400.87
30751,1989-07-18T00:00:00.000+0000,2004-01-09T00:00:00.000+0000,19,5288,278.32
30809,1995-08-25T00:00:00.000+0000,2012-04-16T00:00:00.000+0000,28,6079,217.11
31317,1988-10-12T00:00:00.000+0000,1989-07-04T00:00:00.000+0000,2,265,132.5
31381,1989-09-03T00:00:00.000+0000,2013-09-18T00:00:00.000+0000,14,8781,627.21
31646,2008-05-19T00:00:00.000+0000,2014-01-30T00:00:00.000+0000,6,2082,347
31796,2010-11-17T00:00:00.000+0000,2015-05-24T00:00:00.000+0000,14,1649,117.79
31821,2003-09-07T00:00:00.000+0000,2014-02-04T00:00:00.000+0000,16,3803,237.69
32094,1990-09-20T00:00:00.000+0000,2001-02-21T00:00:00.000+0000,24,3807,158.63
32296,1995-05-20T00:00:00.000+0000,2015-02-20T00:00:00.000+0000,12,7216,601.33
255,2010-06-16T00:00:00.000+0000,2014-05-14T00:00:00.000+0000,5,1428,285.6
799,2003-09-30T00:00:00.000+0000,2013-07-29T00:00:00.000+0000,5,3590,718
1157,1990-11-13T00:00:00.000+0000,2005-02-04T00:00:00.000+0000,13,5197,399.77
2156,1989-10-22T00:00:00.000+0000,1998-01-13T00:00:00.000+0000,4,3005,751.25
2247,2001-01-25T00:00:00.000+0000,2016-09-23T00:00:00.000+0000,26,5720,220
2559,1992-09-26T00:00:00.000+0000,1992-09-26T00:00:00.000+0000,1,0,0
2802,1989-12-16T00:00:00.000+0000,2006-09-17T00:00:00.000+0000,39,6119,156.9
2914,1990-11-12T00:00:00.000+0000,1994-12-30T00:00:00.000+0000,6,1509,251.5
3028,2003-06-20T00:00:00.000+0000,2015-04-05T00:00:00.000+0000,11,4307,391.55
3631,1990-12-24T00:00:00.000+0000,1994-08-31T00:00:00.000+0000,2,1346,673
3790,2005-09-04T00:00:00.000+0000,2013-11-26T00:00:00.000+0000,16,3005,187.81
4092,1994-05-04T00:00:00.000+0000,1998-04-25T00:00:00.000+0000,11,1452,132
4357,1989-11-20T00:00:00.000+0000,1998-10-09T00:00:00.000+0000,25,3245,129.8
4477,1995-02-14T00:00:00.000+0000,1995-05-22T00:00:00.000+0000,2,97,48.5
5110,1995-07-09T00:00:00.000+0000,2015-04-19T00:00:00.000+0000,11,7224,656.73
5527,1991-07-08T00:00:00.000+0000,2015-07-20T00:00:00.000+0000,17,8778,516.35
6396,1998-02-21T00:00:00.000+0000,2012-07-23T00:00:00.000+0000,8,5266,658.25
6552,1999-05-10T00:00:00.000+0000,2014-04-10T00:00:00.000+0000,27,5449,201.81
6722,1992-04-01T00:00:00.000+0000,1992-04-01T00:00:00.000+0000,1,0,0
6832,2002-09-18T00:00:00.000+0000,2009-02-20T00:00:00.000+0000,8,2347,293.38
6864,2014-10-02T00:00:00.000+0000,2015-10-16T00:00:00.000+0000,3,379,126.33
6866,2001-12-14T00:00:00.000+0000,2014-07-11T00:00:00.000+0000,38,4592,120.84
6937,2008-10-14T00:00:00.000+0000,2014-06-24T00:00:00.000+0000,13,2079,159.92
7404,1993-06-07T00:00:00.000+0000,2002-05-01T00:00:00.000+0000,9,3250,361.11
7567,2006-10-31T00:00:00.000+0000,2006-11-21T00:00:00.000+0000,2,21,10.5
7810,1991-12-30T00:00:00.000+0000,2000-12-06T00:00:00.000+0000,15,3264,217.6
7892,1991-03-14T00:00:00.000+0000,2006-01-06T00:00:00.000+0000,5,5412,1082.4
7987,1990-12-13T00:00:00.000+0000,2014-04-20T00:00:00.000+0000,28,8529,304.61
8701,1994-11-14T00:00:00.000+0000,2011-07-20T00:00:00.000+0000,8,6092,761.5
9181,2008-04-02T00:00:00.000+0000,2013-04-15T00:00:00.000+0000,8,1839,229.88
9344,2013-11-28T00:00:00.000+0000,2016-01-22T00:00:00.000+0000,3,785,261.67
9675,2000-08-07T00:00:00.000+0000,2013-05-10T00:00:00.000+0000,14,4659,332.79
10090,1999-05-01T00:00:00.000+0000,2013-07-22T00:00:00.000+0000,13,5196,399.69
10257,2015-08-16T00:00:00.000+0000,2016-04-17T00:00:00.000+0000,2,245,122.5
10264,1984-02-12T00:00:00.000+0000,1984-02-12T00:00:00.000+0000,1,0,0
10416,2004-06-20T00:00:00.000+0000,2004-06-20T00:00:00.000+0000,1,0,0
10597,1989-04-01T00:00:00.000+0000,1992-11-08T00:00:00.000+0000,3,1317,439
11143,1984-04-25T00:00:00.000+0000,1998-10-19T00:00:00.000+0000,5,5290,1058
11243,2003-07-04T00:00:00.000+0000,2015-07-14T00:00:00.000+0000,29,4393,151.48
12184,1992-05-19T00:00:00.000+0000,2014-03-28T00:00:00.000+0000,17,7983,469.59
12694,2006-07-18T00:00:00.000+0000,2006-07-18T00:00:00.000+0000,1,0,0
13468,1991-07-24T00:00:00.000+0000,2013-03-22T00:00:00.000+0000,54,7912,146.52
13500,1980-08-05T00:00:00.000+0000,2008-08-12T00:00:00.000+0000,42,10234,243.67
13997,2005-01-04T00:00:00.000+0000,2013-12-06T00:00:00.000+0000,8,3258,407.25
14054,1995-05-11T00:00:00.000+0000,2003-11-30T00:00:00.000+0000,4,3125,781.25
14124,1996-12-09T00:00:00.000+0000,2014-04-30T00:00:00.000+0000,27,6351,235.22
15026,1989-10-14T00:00:00.000+0000,1996-04-27T00:00:00.000+0000,4,2387,596.75
15070,1993-01-04T00:00:00.000+0000,1993-01-04T00:00:00.000+0000,1,0,0
15221,2014-08-01T00:00:00.000+0000,2014-08-01T00:00:00.000+0000,1,0,0
15462,1991-11-10T00:00:00.000+0000,1995-08-22T00:00:00.000+0000,4,1381,345.25
15594,1993-07-17T00:00:00.000+0000,1995-02-27T00:00:00.000+0000,6,590,98.33
15647,1989-12-26T00:00:00.000+0000,1998-02-15T00:00:00.000+0000,5,2973,594.6
16027,1989-09-09T00:00:00.000+0000,1998-05-08T00:00:00.000+0000,9,3163,351.44
16119,1991-07-07T00:00:00.000+0000,2000-01-20T00:00:00.000+0000,5,3119,623.8
16295,1984-09-17T00:00:00.000+0000,1991-02-01T00:00:00.000+0000,5,2328,465.6
16510,1997-05-18T00:00:00.000+0000,2011-12-28T00:00:00.000+0000,8,5337,667.13
16526,2000-07-14T00:00:00.000+0000,2006-05-05T00:00:00.000+0000,14,2121,151.5
16549,2012-04-30T00:00:00.000+0000,2012-07-17T00:00:00.000+0000,2,78,39
17346,2011-12-24T00:00:00.000+0000,2016-08-18T00:00:00.000+0000,12,1699,141.58
17438,1990-11-29T00:00:00.000+0000,2007-03-15T00:00:00.000+0000,39,5950,152.56
18831,2001-12-01T00:00:00.000+0000,2013-03-01T00:00:00.000+0000,7,4108,586.86
18881,1996-08-01T00:00:00.000+0000,1999-08-12T00:00:00.000+0000,3,1106,368.67
19690,1990-10-06T00:00:00.000+0000,1998-12-20T00:00:00.000+0000,6,2997,499.5
19701,1995-12-23T00:00:00.000+0000,2012-12-29T00:00:00.000+0000,10,6216,621.6
19833,2008-02-17T00:00:00.000+0000,2013-07-30T00:00:00.000+0000,4,1990,497.5
19965,2001-02-25T00:00:00.000+0000,2008-06-18T00:00:00.000+0000,6,2670,445
20124,1992-06-29T00:00:00.000+0000,2000-08-06T00:00:00.000+0000,13,2960,227.69
20542,1993-06-12T00:00:00.000+0000,2015-04-05T00:00:00.000+0000,13,7967,612.85
20671,1999-11-07T00:00:00.000+0000,2002-09-29T00:00:00.000+0000,5,1057,211.4
20717,1984-04-18T00:00:00.000+0000,1984-04-18T00:00:00.000+0000,1,0,0
20789,1996-12-28T00:00:00.000+0000,2003-04-24T00:00:00.000+0000,9,2308,256.44
21077,1988-06-14T00:00:00.000+0000,2007-11-27T00:00:00.000+0000,26,7105,273.27
21303,1993-02-27T00:00:00.000+0000,2002-07-17T00:00:00.000+0000,8,3427,428.38
21307,1984-11-30T00:00:00.000+0000,1985-01-25T00:00:00.000+0000,2,56,28
21632,2001-02-20T00:00:00.000+0000,2017-09-07T00:00:00.000+0000,15,6043,402.87
21667,2000-07-06T00:00:00.000+0000,2013-11-03T00:00:00.000+0000,4,4868,1217
22116,1985-10-18T00:00:00.000+0000,1985-10-18T00:00:00.000+0000,1,0,0
22236,1989-09-04T00:00:00.000+0000,1997-10-02T00:00:00.000+0000,4,2950,737.5
22364,1992-01-14T00:00:00.000+0000,2007-10-08T00:00:00.000+0000,16,5746,359.13
22903,1991-08-27T00:00:00.000+0000,2012-04-26T00:00:00.000+0000,10,7548,754.8
23434,1984-10-22T00:00:00.000+0000,1992-03-24T00:00:00.000+0000,2,2710,1355
23457,1996-12-20T00:00:00.000+0000,2006-09-20T00:00:00.000+0000,16,3561,222.56
23479,1989-11-24T00:00:00.000+0000,2007-08-22T00:00:00.000+0000,18,6480,360
24128,1996-06-26T00:00:00.000+0000,2016-05-09T00:00:00.000+0000,71,7257,102.21
24407,1986-01-23T00:00:00.000+0000,1996-01-02T00:00:00.000+0000,7,3631,518.71
24464,1997-06-07T00:00:00.000+0000,2007-01-01T00:00:00.000+0000,37,3495,94.46
24587,2007-04-16T00:00:00.000+0000,2013-08-06T00:00:00.000+0000,7,2304,329.14
25259,1992-10-09T00:00:00.000+0000,2008-09-13T00:00:00.000+0000,13,5818,447.54
25355,1996-04-25T00:00:00.000+0000,2013-05-05T00:00:00.000+0000,23,6219,270.39
25812,1998-01-11T00:00:00.000+0000,2001-02-26T00:00:00.000+0000,5,1142,228.4
25864,2001-08-06T00:00:00.000+0000,2015-08-06T00:00:00.000+0000,34,5113,150.38
25948,1989-12-12T00:00:00.000+0000,1993-08-02T00:00:00.000+0000,3,1329,443
26470,1996-11-17T00:00:00.000+0000,1996-11-17T00:00:00.000+0000,1,0,0
26746,1993-10-11T00:00:00.000+0000,1999-05-21T00:00:00.000+0000,2,2048,1024
26930,1996-12-27T00:00:00.000+0000,2015-09-19T00:00:00.000+0000,11,6840,621.82
27015,2007-06-19T00:00:00.000+0000,2009-12-07T00:00:00.000+0000,8,902,112.75
27657,2006-02-20T00:00:00.000+0000,2013-02-08T00:00:00.000+0000,3,2545,848.33
30128,1990-10-16T00:00:00.000+0000,1996-09-24T00:00:00.000+0000,10,2170,217
30519,2005-10-24T00:00:00.000+0000,2015-01-01T00:00:00.000+0000,5,3356,671.2
30540,1989-10-14T00:00:00.000+0000,1992-03-08T00:00:00.000+0000,2,876,438
30541,1996-07-07T00:00:00.000+0000,2001-12-16T00:00:00.000+0000,5,1988,397.6
30745,1985-12-09T00:00:00.000+0000,1996-10-27T00:00:00.000+0000,5,3975,795
31631,1991-04-06T00:00:00.000+0000,2016-10-27T00:00:00.000+0000,117,9336,79.79
31697,1986-01-13T00:00:00.000+0000,1992-02-09T00:00:00.000+0000,3,2218,739.33
32061,1998-03-30T00:00:00.000+0000,2014-06-24T00:00:00.000+0000,29,5930,204.48
32165,1993-03-29T00:00:00.000+0000,2014-04-17T00:00:00.000+0000,40,7689,192.23
32199,1996-09-13T00:00:00.000+0000,2016-01-03T00:00:00.000+0000,29,7051,243.14
32253,1997-05-10T00:00:00.000+0000,2016-05-03T00:00:00.000+0000,22,6933,315.14
32290,2008-01-04T00:00:00.000+0000,2012-10-26T00:00:00.000+0000,4,1757,439.25
133,1990-10-31T00:00:00.000+0000,1998-03-26T00:00:00.000+0000,4,2703,675.75
472,2001-06-18T00:00:00.000+0000,2007-06-19T00:00:00.000+0000,2,2192,1096
1466,1988-10-18T00:00:00.000+0000,2004-08-12T00:00:00.000+0000,14,5777,412.64
1718,1996-01-15T00:00:00.000+0000,2016-02-20T00:00:00.000+0000,40,7341,183.53
1766,1991-02-21T00:00:00.000+0000,1991-02-21T00:00:00.000+0000,1,0,0
2542,2009-04-18T00:00:00.000+0000,2014-10-29T00:00:00.000+0000,2,2020,1010
2874,1982-01-20T00:00:00.000+0000,1984-03-02T00:00:00.000+0000,2,772,386
3062,1992-12-07T00:00:00.000+0000,1997-07-12T00:00:00.000+0000,8,1678,209.75
3242,1997-08-04T00:00:00.000+0000,2013-09-22T00:00:00.000+0000,8,5893,736.63
3306,2002-08-30T00:00:00.000+0000,2012-08-01T00:00:00.000+0000,11,3624,329.45
4097,2001-11-26T00:00:00.000+0000,2015-05-04T00:00:00.000+0000,4,4907,1226.75
4291,1989-10-01T00:00:00.000+0000,1989-10-01T00:00:00.000+0000,1,0,0
4396,1996-03-05T00:00:00.000+0000,2006-10-07T00:00:00.000+0000,7,3868,552.57
4612,2002-05-17T00:00:00.000+0000,2013-01-07T00:00:00.000+0000,8,3888,486
4799,2009-08-26T00:00:00.000+0000,2013-03-13T00:00:00.000+0000,3,1295,431.67
4859,1991-09-27T00:00:00.000+0000,2011-08-31T00:00:00.000+0000,2,7278,3639
5061,1992-02-25T00:00:00.000+0000,2009-01-06T00:00:00.000+0000,25,6160,246.4
5100,1994-10-01T00:00:00.000+0000,2015-05-09T00:00:00.000+0000,10,7525,752.5
5670,1991-04-29T00:00:00.000+0000,2009-09-05T00:00:00.000+0000,16,6704,419
5929,1989-02-07T00:00:00.000+0000,2005-10-27T00:00:00.000+0000,35,6106,174.46
6010,1996-05-12T00:00:00.000+0000,2002-11-06T00:00:00.000+0000,10,2369,236.9
6376,2015-12-13T00:00:00.000+0000,2017-12-19T00:00:00.000+0000,3,737,245.67
6557,1998-03-21T00:00:00.000+0000,2004-09-18T00:00:00.000+0000,10,2373,237.3
7206,1999-02-10T00:00:00.000+0000,2007-05-11T00:00:00.000+0000,12,3012,251
7222,1991-01-22T00:00:00.000+0000,1995-04-12T00:00:00.000+0000,4,1541,385.25
7736,2015-02-08T00:00:00.000+0000,2015-02-08T00:00:00.000+0000,1,0,0
8249,2005-11-01T00:00:00.000+0000,2014-10-13T00:00:00.000+0000,11,3268,297.09
8409,2009-12-23T00:00:00.000+0000,2015-03-01T00:00:00.000+0000,5,1894,378.8
8482,1994-05-20T00:00:00.000+0000,2007-06-30T00:00:00.000+0000,2,4789,2394.5
8640,1999-02-15T00:00:00.000+0000,2011-02-05T00:00:00.000+0000,33,4373,132.52
8857,1992-07-14T00:00:00.000+0000,1993-09-21T00:00:00.000+0000,3,434,144.67
8950,1995-08-09T00:00:00.000+0000,1998-10-25T00:00:00.000+0000,8,1173,146.63
9338,1994-09-21T00:00:00.000+0000,1994-09-21T00:00:00.000+0000,1,0,0
9475,2016-08-14T00:00:00.000+0000,2016-08-14T00:00:00.000+0000,1,0,0
9721,1993-12-29T00:00:00.000+0000,1993-12-29T00:00:00.000+0000,1,0,0
10013,1984-05-21T00:00:00.000+0000,1985-01-01T00:00:00.000+0000,2,225,112.5
10128,2009-08-31T00:00:00.000+0000,2014-07-19T00:00:00.000+0000,3,1783,594.33
10605,1995-04-07T00:00:00.000+0000,2012-07-03T00:00:00.000+0000,17,6297,370.41
11287,1993-08-17T00:00:00.000+0000,1993-08-17T00:00:00.000+0000,1,0,0
11487,1989-09-18T00:00:00.000+0000,1996-11-16T00:00:00.000+0000,4,2616,654
12260,1992-10-10T00:00:00.000+0000,2014-05-25T00:00:00.000+0000,21,7897,376.05
12530,1994-01-14T00:00:00.000+0000,2009-02-19T00:00:00.000+0000,6,5515,919.17
13313,2006-11-01T00:00:00.000+0000,2015-10-17T00:00:00.000+0000,10,3272,327.2
14245,1972-06-11T00:00:00.000+0000,2012-07-22T00:00:00.000+0000,17,14651,861.82
14284,1991-06-13T00:00:00.000+0000,2002-06-15T00:00:00.000+0000,9,4020,446.67
14812,2015-02-11T00:00:00.000+0000,2015-02-11T00:00:00.000+0000,1,0,0
15216,2008-03-09T00:00:00.000+0000,2014-05-23T00:00:00.000+0000,4,2266,566.5
15558,1995-09-27T00:00:00.000+0000,2012-08-10T00:00:00.000+0000,14,6162,440.14
15827,1990-10-17T00:00:00.000+0000,1994-10-12T00:00:00.000+0000,7,1456,208
15931,2007-04-10T00:00:00.000+0000,2015-08-24T00:00:00.000+0000,6,3058,509.67
16255,2014-10-11T00:00:00.000+0000,2014-10-11T00:00:00.000+0000,1,0,0
16257,2000-09-28T00:00:00.000+0000,2006-03-10T00:00:00.000+0000,6,1989,331.5
16391,1998-01-26T00:00:00.000+0000,2013-10-27T00:00:00.000+0000,12,5753,479.42
16601,1999-08-30T00:00:00.000+0000,2013-11-19T00:00:00.000+0000,15,5195,346.33
16724,1990-10-26T00:00:00.000+0000,2003-07-18T00:00:00.000+0000,17,4648,273.41
17213,1991-05-08T00:00:00.000+0000,2008-06-16T00:00:00.000+0000,22,6249,284.05
17378,1999-06-24T00:00:00.000+0000,2008-12-16T00:00:00.000+0000,9,3463,384.78
17613,2004-07-12T00:00:00.000+0000,2015-05-19T00:00:00.000+0000,50,3963,79.26
17677,1993-12-07T00:00:00.000+0000,2007-09-19T00:00:00.000+0000,7,5034,719.14
17782,1993-07-27T00:00:00.000+0000,1993-07-27T00:00:00.000+0000,1,0,0
17903,1994-07-18T00:00:00.000+0000,1995-10-19T00:00:00.000+0000,3,458,152.67
17904,2001-02-13T00:00:00.000+0000,2015-10-11T00:00:00.000+0000,17,5353,314.88
18405,1989-11-13T00:00:00.000+0000,1998-07-28T00:00:00.000+0000,5,3179,635.8
18966,1990-04-23T00:00:00.000+0000,1991-04-15T00:00:00.000+0000,3,357,119
19092,1995-03-26T00:00:00.000+0000,2005-03-06T00:00:00.000+0000,7,3633,519
19335,1989-11-06T00:00:00.000+0000,2000-11-20T00:00:00.000+0000,11,4032,366.55
19428,2007-07-20T00:00:00.000+0000,2007-08-23T00:00:00.000+0000,2,34,17
19912,1990-12-12T00:00:00.000+0000,2010-05-15T00:00:00.000+0000,13,7094,545.69
20132,1989-05-12T00:00:00.000+0000,1996-06-07T00:00:00.000+0000,14,2583,184.5
20221,2001-05-01T00:00:00.000+0000,2001-05-01T00:00:00.000+0000,1,0,0
20354,1988-10-03T00:00:00.000+0000,2000-05-18T00:00:00.000+0000,10,4245,424.5
20742,1996-04-10T00:00:00.000+0000,2015-05-31T00:00:00.000+0000,8,6990,873.75
20903,1991-07-07T00:00:00.000+0000,1996-06-15T00:00:00.000+0000,7,1805,257.86
21306,1991-08-03T00:00:00.000+0000,1993-10-18T00:00:00.000+0000,2,807,403.5
21710,1988-12-29T00:00:00.000+0000,2015-06-17T00:00:00.000+0000,56,9666,172.61
22068,2002-07-20T00:00:00.000+0000,2015-04-04T00:00:00.000+0000,40,4641,116.03
22307,1987-05-22T00:00:00.000+0000,1991-11-19T00:00:00.000+0000,6,1642,273.67
22349,1999-01-20T00:00:00.000+0000,1999-01-20T00:00:00.000+0000,1,0,0
22389,1997-10-25T00:00:00.000+0000,2012-12-02T00:00:00.000+0000,32,5517,172.41
23000,1987-05-21T00:00:00.000+0000,1987-05-21T00:00:00.000+0000,1,0,0
23403,1996-08-30T00:00:00.000+0000,2008-02-04T00:00:00.000+0000,10,4175,417.5
23874,1991-07-25T00:00:00.000+0000,2011-06-26T00:00:00.000+0000,12,7276,606.33
24252,1994-09-13T00:00:00.000+0000,2004-01-23T00:00:00.000+0000,9,3419,379.89
24926,2010-08-25T00:00:00.000+0000,2016-06-01T00:00:00.000+0000,20,2107,105.35
26350,1988-03-28T00:00:00.000+0000,1994-07-28T00:00:00.000+0000,6,2313,385.5
26442,2001-10-15T00:00:00.000+0000,2005-05-26T00:00:00.000+0000,16,1319,82.44
26970,2013-08-08T00:00:00.000+0000,2015-05-02T00:00:00.000+0000,2,632,316
27413,1991-05-04T00:00:00.000+0000,1992-04-19T00:00:00.000+0000,2,351,175.5
27472,2004-08-24T00:00:00.000+0000,2015-03-09T00:00:00.000+0000,14,3849,274.93
28114,1995-01-02T00:00:00.000+0000,2003-04-10T00:00:00.000+0000,5,3020,604
28147,1989-10-22T00:00:00.000+0000,1992-04-18T00:00:00.000+0000,6,909,151.5
28177,1999-12-20T00:00:00.000+0000,2000-07-07T00:00:00.000+0000,3,200,66.67
28525,2000-05-02T00:00:00.000+0000,2008-09-01T00:00:00.000+0000,4,3044,761
28778,2004-02-14T00:00:00.000+0000,2014-04-12T00:00:00.000+0000,15,3710,247.33
29206,2014-06-30T00:00:00.000+0000,2014-06-30T00:00:00.000+0000,1,0,0
29282,1994-07-20T00:00:00.000+0000,2015-03-03T00:00:00.000+0000,30,7531,251.03
29503,1999-07-14T00:00:00.000+0000,2014-11-02T00:00:00.000+0000,15,5590,372.67
29893,1997-12-08T00:00:00.000+0000,2012-09-16T00:00:00.000+0000,22,5396,245.27
30397,2002-08-22T00:00:00.000+0000,2003-10-08T00:00:00.000+0000,2,412,206
30399,1986-01-13T00:00:00.000+0000,1998-05-27T00:00:00.000+0000,22,4517,205.32
30755,1999-11-24T00:00:00.000+0000,2005-11-03T00:00:00.000+0000,7,2171,310.14
31418,2008-04-12T00:00:00.000+0000,2012-04-26T00:00:00.000+0000,3,1475,491.67
31537,2003-11-13T00:00:00.000+0000,2010-07-19T00:00:00.000+0000,5,2440,488
31987,1996-02-26T00:00:00.000+0000,2004-09-23T00:00:00.000+0000,14,3132,223.71
31991,1991-05-24T00:00:00.000+0000,2009-06-08T00:00:00.000+0000,29,6590,227.24
78,1991-10-07T00:00:00.000+0000,2001-07-16T00:00:00.000+0000,8,3570,446.25
322,1992-06-14T00:00:00.000+0000,1992-06-14T00:00:00.000+0000,1,0,0
513,1983-06-28T00:00:00.000+0000,1991-09-24T00:00:00.000+0000,3,3010,1003.33
1005,1990-06-18T00:00:00.000+0000,2008-11-06T00:00:00.000+0000,18,6716,373.11
1016,1999-10-12T00:00:00.000+0000,2005-04-26T00:00:00.000+0000,15,2023,134.87
1133,1983-02-09T00:00:00.000+0000,1991-04-05T00:00:00.000+0000,6,2977,496.17
1808,2000-07-05T00:00:00.000+0000,2014-02-07T00:00:00.000+0000,14,4965,354.64
2396,1993-03-05T00:00:00.000+0000,1993-03-05T00:00:00.000+0000,1,0,0
2848,1999-08-09T00:00:00.000+0000,2014-07-12T00:00:00.000+0000,28,5451,194.68
3577,1992-03-28T00:00:00.000+0000,2006-08-02T00:00:00.000+0000,21,5240,249.52
3657,2011-05-02T00:00:00.000+0000,2015-05-26T00:00:00.000+0000,4,1485,371.25
3703,1991-02-23T00:00:00.000+0000,2002-04-02T00:00:00.000+0000,10,4056,405.6
4167,1999-06-30T00:00:00.000+0000,2015-02-14T00:00:00.000+0000,8,5708,713.5
4624,1987-04-03T00:00:00.000+0000,1987-04-03T00:00:00.000+0000,1,0,0
4697,2006-11-21T00:00:00.000+0000,2014-03-27T00:00:00.000+0000,8,2683,335.38
5030,1989-12-23T00:00:00.000+0000,1991-03-14T00:00:00.000+0000,2,446,223
5692,1984-06-02T00:00:00.000+0000,1999-06-14T00:00:00.000+0000,6,5490,915
5920,1991-07-16T00:00:00.000+0000,1992-06-10T00:00:00.000+0000,2,330,165
5949,1997-12-23T00:00:00.000+0000,2005-11-29T00:00:00.000+0000,2,2898,1449
6378,1992-05-19T00:00:00.000+0000,1992-05-19T00:00:00.000+0000,1,0,0
6678,1994-08-20T00:00:00.000+0000,2014-09-09T00:00:00.000+0000,67,7325,109.33
6911,1989-02-07T00:00:00.000+0000,1998-03-28T00:00:00.000+0000,4,3336,834
8145,2009-11-11T00:00:00.000+0000,2016-03-26T00:00:00.000+0000,17,2327,136.88
8627,2000-08-04T00:00:00.000+0000,2009-03-18T00:00:00.000+0000,13,3148,242.15
8664,1990-11-13T00:00:00.000+0000,1994-02-03T00:00:00.000+0000,7,1178,168.29
9018,1996-05-14T00:00:00.000+0000,1999-02-12T00:00:00.000+0000,6,1004,167.33
9433,1992-12-21T00:00:00.000+0000,1996-10-24T00:00:00.000+0000,2,1403,701.5
9731,1985-09-11T00:00:00.000+0000,1996-10-17T00:00:00.000+0000,3,4054,1351.33
9925,1993-03-30T00:00:00.000+0000,1995-05-11T00:00:00.000+0000,2,772,386
10143,2001-08-09T00:00:00.000+0000,2001-08-09T00:00:00.000+0000,1,0,0
10183,1995-05-20T00:00:00.000+0000,2003-12-08T00:00:00.000+0000,9,3124,347.11
10267,1992-05-04T00:00:00.000+0000,1996-02-01T00:00:00.000+0000,3,1368,456
10443,2006-08-14T00:00:00.000+0000,2013-09-07T00:00:00.000+0000,3,2581,860.33
10530,1991-11-29T00:00:00.000+0000,2002-04-25T00:00:00.000+0000,6,3800,633.33
10558,1995-10-07T00:00:00.000+0000,2014-01-05T00:00:00.000+0000,21,6665,317.38
10947,2007-10-15T00:00:00.000+0000,2010-03-08T00:00:00.000+0000,2,875,437.5
11024,2000-01-01T00:00:00.000+0000,2010-09-27T00:00:00.000+0000,8,3922,490.25
11194,1992-01-09T00:00:00.000+0000,2014-06-22T00:00:00.000+0000,67,8200,122.39
11894,1990-10-13T00:00:00.000+0000,2000-01-05T00:00:00.000+0000,11,3371,306.45
12118,2004-01-30T00:00:00.000+0000,2012-08-23T00:00:00.000+0000,10,3128,312.8
12238,1989-07-17T00:00:00.000+0000,2004-09-14T00:00:00.000+0000,39,5538,142
12344,2011-08-30T00:00:00.000+0000,2011-08-30T00:00:00.000+0000,1,0,0
12723,1992-04-01T00:00:00.000+0000,2003-03-21T00:00:00.000+0000,11,4006,364.18
12727,1996-10-26T00:00:00.000+0000,1996-10-26T00:00:00.000+0000,1,0,0
12757,1989-11-03T00:00:00.000+0000,1989-11-03T00:00:00.000+0000,1,0,0
13701,1989-09-01T00:00:00.000+0000,2010-04-04T00:00:00.000+0000,9,7520,835.56
14760,1990-10-29T00:00:00.000+0000,2011-09-15T00:00:00.000+0000,4,7626,1906.5
14771,1984-11-20T00:00:00.000+0000,1993-03-14T00:00:00.000+0000,2,3036,1518
15157,1992-02-04T00:00:00.000+0000,2016-06-04T00:00:00.000+0000,22,8887,403.95
15161,1999-03-21T00:00:00.000+0000,2017-01-28T00:00:00.000+0000,2,6523,3261.5
15633,1990-06-26T00:00:00.000+0000,1990-06-26T00:00:00.000+0000,1,0,0
15966,1992-04-14T00:00:00.000+0000,2008-05-02T00:00:00.000+0000,4,5862,1465.5
16766,2001-12-06T00:00:00.000+0000,2011-06-11T00:00:00.000+0000,5,3474,694.8
16800,1990-10-11T00:00:00.000+0000,1995-07-30T00:00:00.000+0000,5,1753,350.6
16835,1988-07-01T00:00:00.000+0000,1994-12-03T00:00:00.000+0000,6,2346,391
16947,2007-09-16T00:00:00.000+0000,2007-09-16T00:00:00.000+0000,1,0,0
16954,1986-03-16T00:00:00.000+0000,2005-01-30T00:00:00.000+0000,11,6895,626.82
17392,2003-04-05T00:00:00.000+0000,2015-04-16T00:00:00.000+0000,6,4394,732.33
17396,1991-01-27T00:00:00.000+0000,1991-01-27T00:00:00.000+0000,1,0,0
17502,1989-11-26T00:00:00.000+0000,2007-05-21T00:00:00.000+0000,17,6385,375.59
19328,2007-08-02T00:00:00.000+0000,2007-08-02T00:00:00.000+0000,1,0,0
19440,1989-09-07T00:00:00.000+0000,1989-09-07T00:00:00.000+0000,1,0,0
19627,1989-11-19T00:00:00.000+0000,2003-02-17T00:00:00.000+0000,16,4838,302.38
19686,2007-04-26T00:00:00.000+0000,2016-03-07T00:00:00.000+0000,14,3238,231.29
19976,2003-11-25T00:00:00.000+0000,2015-01-14T00:00:00.000+0000,6,4068,678
20056,1989-08-30T00:00:00.000+0000,2015-11-07T00:00:00.000+0000,53,9565,180.47
20409,2007-04-13T00:00:00.000+0000,2014-07-21T00:00:00.000+0000,12,2656,221.33
21201,1993-10-09T00:00:00.000+0000,2015-08-01T00:00:00.000+0000,22,7966,362.09
21462,1991-12-05T00:00:00.000+0000,1991-12-05T00:00:00.000+0000,1,0,0
21467,1987-02-07T00:00:00.000+0000,1987-02-07T00:00:00.000+0000,1,0,0
21508,1993-09-01T00:00:00.000+0000,1998-02-28T00:00:00.000+0000,9,1641,182.33
22045,1989-11-01T00:00:00.000+0000,2013-01-18T00:00:00.000+0000,9,8479,942.11
22382,1993-04-09T00:00:00.000+0000,2002-11-30T00:00:00.000+0000,2,3522,1761
22469,1992-09-15T00:00:00.000+0000,2011-01-14T00:00:00.000+0000,9,6695,743.89
22695,1990-12-28T00:00:00.000+0000,2015-08-26T00:00:00.000+0000,13,9007,692.85
22824,2003-10-16T00:00:00.000+0000,2016-04-08T00:00:00.000+0000,18,4558,253.22
22857,1984-04-18T00:00:00.000+0000,2006-05-19T00:00:00.000+0000,12,8066,672.17
22884,2004-04-23T00:00:00.000+0000,2012-06-13T00:00:00.000+0000,4,2973,743.25
22917,2007-08-02T00:00:00.000+0000,2015-04-21T00:00:00.000+0000,8,2819,352.38
22966,1998-08-28T00:00:00.000+0000,2012-03-21T00:00:00.000+0000,42,4954,117.95
23303,1983-07-03T00:00:00.000+0000,1998-04-28T00:00:00.000+0000,9,5413,601.44
23609,1991-11-01T00:00:00.000+0000,2004-03-09T00:00:00.000+0000,5,4512,902.4
23682,1996-07-22T00:00:00.000+0000,2015-02-17T00:00:00.000+0000,12,6784,565.33
23696,1996-05-29T00:00:00.000+0000,2015-06-27T00:00:00.000+0000,13,6968,536
23993,1991-12-26T00:00:00.000+0000,1995-03-14T00:00:00.000+0000,3,1174,391.33
24331,1991-11-19T00:00:00.000+0000,2004-10-19T00:00:00.000+0000,7,4718,674
24740,1995-02-11T00:00:00.000+0000,2003-08-05T00:00:00.000+0000,23,3097,134.65
25169,2006-12-25T00:00:00.000+0000,2014-11-15T00:00:00.000+0000,12,2882,240.17
25262,1992-02-15T00:00:00.000+0000,2009-04-13T00:00:00.000+0000,12,6267,522.25
25507,2000-09-24T00:00:00.000+0000,2015-09-30T00:00:00.000+0000,25,5484,219.36
25887,1996-05-29T00:00:00.000+0000,2012-06-06T00:00:00.000+0000,10,5852,585.2
26070,1994-03-25T00:00:00.000+0000,1997-08-30T00:00:00.000+0000,6,1254,209
26120,1995-10-03T00:00:00.000+0000,2015-01-08T00:00:00.000+0000,42,7037,167.55
26635,1991-02-20T00:00:00.000+0000,1992-11-05T00:00:00.000+0000,2,624,312
26713,1988-12-29T00:00:00.000+0000,2007-02-19T00:00:00.000+0000,3,6626,2208.67
26796,1995-06-07T00:00:00.000+0000,2015-07-02T00:00:00.000+0000,20,7330,366.5
27000,2005-03-22T00:00:00.000+0000,2005-06-30T00:00:00.000+0000,3,100,33.33
27144,1989-12-24T00:00:00.000+0000,2000-12-11T00:00:00.000+0000,16,4005,250.31
27159,2002-12-11T00:00:00.000+0000,2002-12-11T00:00:00.000+0000,1,0,0
27195,1981-02-19T00:00:00.000+0000,1981-02-19T00:00:00.000+0000,1,0,0
27538,1989-08-04T00:00:00.000+0000,2012-06-06T00:00:00.000+0000,38,8342,219.53
28033,1995-06-17T00:00:00.000+0000,2015-08-05T00:00:00.000+0000,6,7354,1225.67
28754,1989-12-05T00:00:00.000+0000,2003-09-28T00:00:00.000+0000,13,5045,388.08
28905,1995-02-18T00:00:00.000+0000,1998-08-25T00:00:00.000+0000,2,1284,642
29654,2000-05-11T00:00:00.000+0000,2010-10-20T00:00:00.000+0000,35,3814,108.97
29658,2002-08-31T00:00:00.000+0000,2007-04-13T00:00:00.000+0000,4,1686,421.5
29974,1987-11-10T00:00:00.000+0000,2014-12-21T00:00:00.000+0000,7,9903,1414.71
30004,1980-09-30T00:00:00.000+0000,1993-09-18T00:00:00.000+0000,14,4736,338.29
30085,1994-08-02T00:00:00.000+0000,2009-09-30T00:00:00.000+0000,21,5538,263.71
30087,1989-01-12T00:00:00.000+0000,2005-03-17T00:00:00.000+0000,22,5908,268.55
30295,1997-02-28T00:00:00.000+0000,2001-05-19T00:00:00.000+0000,3,1541,513.67
30650,2001-11-24T00:00:00.000+0000,2015-05-11T00:00:00.000+0000,9,4916,546.22
31364,1991-10-07T00:00:00.000+0000,1991-11-14T00:00:00.000+0000,2,38,19
31397,2005-07-13T00:00:00.000+0000,2016-06-08T00:00:00.000+0000,23,3983,173.17
31438,1995-04-30T00:00:00.000+0000,1998-07-11T00:00:00.000+0000,11,1168,106.18
31829,1994-09-17T00:00:00.000+0000,2011-08-31T00:00:00.000+0000,24,6192,258
31873,2006-02-09T00:00:00.000+0000,2013-05-14T00:00:00.000+0000,23,2651,115.26
613,1989-10-02T00:00:00.000+0000,1997-06-27T00:00:00.000+0000,3,2825,941.67
633,1994-08-25T00:00:00.000+0000,1998-12-14T00:00:00.000+0000,19,1572,82.74
673,1994-08-28T00:00:00.000+0000,1997-10-02T00:00:00.000+0000,2,1131,565.5
961,1999-03-07T00:00:00.000+0000,2013-04-26T00:00:00.000+0000,10,5164,516.4
974,1989-11-26T00:00:00.000+0000,2001-11-05T00:00:00.000+0000,6,4362,727
1160,1990-11-30T00:00:00.000+0000,2005-09-17T00:00:00.000+0000,9,5405,600.56
1533,1989-11-03T00:00:00.000+0000,2007-10-06T00:00:00.000+0000,39,6546,167.85
2479,1996-12-22T00:00:00.000+0000,1996-12-22T00:00:00.000+0000,1,0,0
3087,1981-09-29T00:00:00.000+0000,1984-11-05T00:00:00.000+0000,2,1133,566.5
3149,1989-10-07T00:00:00.000+0000,1998-01-08T00:00:00.000+0000,6,3015,502.5
4061,1995-04-06T00:00:00.000+0000,2014-04-17T00:00:00.000+0000,24,6951,289.63
4119,1989-11-14T00:00:00.000+0000,2016-03-20T00:00:00.000+0000,23,9623,418.39
4126,2003-06-29T00:00:00.000+0000,2008-09-03T00:00:00.000+0000,5,1893,378.6
4512,1995-05-02T00:00:00.000+0000,1995-05-02T00:00:00.000+0000,1,0,0
5427,1990-12-04T00:00:00.000+0000,2002-06-27T00:00:00.000+0000,13,4223,324.85
5529,1983-02-09T00:00:00.000+0000,1983-02-09T00:00:00.000+0000,1,0,0
5543,2000-07-21T00:00:00.000+0000,2016-03-08T00:00:00.000+0000,13,5709,439.15
6108,2006-05-01T00:00:00.000+0000,2006-05-01T00:00:00.000+0000,1,0,0
6145,2002-05-24T00:00:00.000+0000,2014-03-09T00:00:00.000+0000,27,4307,159.52
6237,2003-12-01T00:00:00.000+0000,2015-04-16T00:00:00.000+0000,15,4154,276.93
6939,1998-10-09T00:00:00.000+0000,1998-10-09T00:00:00.000+0000,1,0,0
7131,1991-11-25T00:00:00.000+0000,1997-05-27T00:00:00.000+0000,2,2010,1005
7169,1991-09-11T00:00:00.000+0000,1991-09-11T00:00:00.000+0000,1,0,0
7817,1989-11-03T00:00:00.000+0000,2002-10-27T00:00:00.000+0000,18,4741,263.39
8628,1999-08-20T00:00:00.000+0000,2014-10-20T00:00:00.000+0000,65,5540,85.23
9035,1996-06-04T00:00:00.000+0000,1997-11-01T00:00:00.000+0000,2,515,257.5
9324,2004-02-01T00:00:00.000+0000,2015-02-27T00:00:00.000+0000,25,4044,161.76
9488,1986-08-14T00:00:00.000+0000,2006-11-04T00:00:00.000+0000,11,7387,671.55
9898,2001-09-19T00:00:00.000+0000,2015-10-09T00:00:00.000+0000,24,5133,213.88
10022,1990-11-11T00:00:00.000+0000,2014-06-05T00:00:00.000+0000,20,8607,430.35
10195,1991-02-20T00:00:00.000+0000,1996-02-19T00:00:00.000+0000,3,1825,608.33
10293,1995-08-31T00:00:00.000+0000,2003-12-06T00:00:00.000+0000,21,3019,143.76
10435,1997-02-17T00:00:00.000+0000,2014-02-11T00:00:00.000+0000,26,6203,238.58
11405,1996-03-14T00:00:00.000+0000,2003-06-24T00:00:00.000+0000,4,2658,664.5
11468,2000-04-29T00:00:00.000+0000,2006-07-07T00:00:00.000+0000,10,2260,226
12085,2001-08-09T00:00:00.000+0000,2015-06-14T00:00:00.000+0000,25,5057,202.28
12401,1987-02-14T00:00:00.000+0000,1987-02-14T00:00:00.000+0000,1,0,0
12436,1994-02-21T00:00:00.000+0000,2010-10-08T00:00:00.000+0000,6,6073,1012.17
12523,1995-07-19T00:00:00.000+0000,1995-07-19T00:00:00.000+0000,1,0,0
13022,1996-08-24T00:00:00.000+0000,1996-08-24T00:00:00.000+0000,1,0,0
13528,1992-02-15T00:00:00.000+0000,2015-11-01T00:00:00.000+0000,29,8660,298.62
14058,1993-12-07T00:00:00.000+0000,2017-09-03T00:00:00.000+0000,42,8671,206.45
14437,1991-02-23T00:00:00.000+0000,1996-08-29T00:00:00.000+0000,8,2014,251.75
15091,1993-04-30T00:00:00.000+0000,1994-02-14T00:00:00.000+0000,2,290,145
15164,2006-07-22T00:00:00.000+0000,2009-01-21T00:00:00.000+0000,3,914,304.67
15904,2003-11-10T00:00:00.000+0000,2010-05-23T00:00:00.000+0000,20,2386,119.3
15968,1992-12-17T00:00:00.000+0000,2014-10-30T00:00:00.000+0000,44,7987,181.52
16234,2000-10-01T00:00:00.000+0000,2014-08-20T00:00:00.000+0000,4,5071,1267.75
16317,1998-11-20T00:00:00.000+0000,2012-05-02T00:00:00.000+0000,25,4912,196.48
16648,2010-12-28T00:00:00.000+0000,2015-01-24T00:00:00.000+0000,4,1488,372
17525,1989-09-09T00:00:00.000+0000,2008-07-19T00:00:00.000+0000,16,6888,430.5
17774,1984-12-14T00:00:00.000+0000,2005-04-24T00:00:00.000+0000,32,7436,232.38
17969,1984-09-17T00:00:00.000+0000,1996-05-15T00:00:00.000+0000,5,4258,851.6
18014,2000-04-17T00:00:00.000+0000,2000-04-17T00:00:00.000+0000,1,0,0
18107,1987-01-22T00:00:00.000+0000,2009-03-03T00:00:00.000+0000,14,8076,576.86
18304,1991-05-20T00:00:00.000+0000,1995-11-16T00:00:00.000+0000,2,1641,820.5
18708,1989-10-03T00:00:00.000+0000,1994-09-24T00:00:00.000+0000,4,1817,454.25
18750,1992-06-07T00:00:00.000+0000,2008-03-27T00:00:00.000+0000,6,5772,962
18908,1996-11-11T00:00:00.000+0000,2000-11-23T00:00:00.000+0000,4,1473,368.25
19048,1997-07-29T00:00:00.000+0000,2012-10-23T00:00:00.000+0000,38,5565,146.45
19284,1990-09-29T00:00:00.000+0000,2015-05-20T00:00:00.000+0000,38,8999,236.82
19346,2016-02-10T00:00:00.000+0000,2016-02-10T00:00:00.000+0000,1,0,0
19358,1995-10-18T00:00:00.000+0000,2012-06-26T00:00:00.000+0000,21,6096,290.29
19757,1991-10-31T00:00:00.000+0000,1992-01-16T00:00:00.000+0000,3,77,25.67
19940,1998-03-15T00:00:00.000+0000,2014-09-24T00:00:00.000+0000,12,6037,503.08
20314,1995-06-13T00:00:00.000+0000,2013-09-25T00:00:00.000+0000,6,6679,1113.17
20554,1990-11-20T00:00:00.000+0000,2015-06-28T00:00:00.000+0000,24,8986,374.42
20738,2011-12-29T00:00:00.000+0000,2017-04-10T00:00:00.000+0000,8,1929,241.13
21517,2010-12-13T00:00:00.000+0000,2015-10-03T00:00:00.000+0000,9,1755,195
21682,2007-03-10T00:00:00.000+0000,2007-03-10T00:00:00.000+0000,1,0,0
22638,1999-04-29T00:00:00.000+0000,2003-09-16T00:00:00.000+0000,3,1601,533.67
22983,1993-07-18T00:00:00.000+0000,2010-01-04T00:00:00.000+0000,10,6014,601.4
23010,2002-03-08T00:00:00.000+0000,2013-07-15T00:00:00.000+0000,21,4147,197.48
23047,1986-09-12T00:00:00.000+0000,1991-07-22T00:00:00.000+0000,2,1774,887
23206,1995-03-25T00:00:00.000+0000,2013-04-08T00:00:00.000+0000,13,6589,506.85
23421,2009-02-20T00:00:00.000+0000,2016-05-06T00:00:00.000+0000,12,2632,219.33
23581,2007-04-19T00:00:00.000+0000,2010-10-30T00:00:00.000+0000,2,1290,645
24011,1998-08-13T00:00:00.000+0000,2001-02-27T00:00:00.000+0000,4,929,232.25
24210,1989-12-28T00:00:00.000+0000,1998-07-04T00:00:00.000+0000,11,3110,282.73
24288,2009-05-02T00:00:00.000+0000,2011-07-12T00:00:00.000+0000,4,801,200.25
24509,1990-12-29T00:00:00.000+0000,1990-12-29T00:00:00.000+0000,1,0,0
25055,1994-01-10T00:00:00.000+0000,1998-06-19T00:00:00.000+0000,4,1621,405.25